Date,Ticker,Sector,Close/Last,Volume,Open,High,Low,Direction
03/08/2023,WE,Real Estate,1.19,"8,452,281",1.21,1.28,1.14,Buy
03/09/2023,WE,Real Estate,1.09,"8,418,034",1.16,1.2,1.08,Buy
03/10/2023,WE,Real Estate,0.94,"19,533,710",1.1,1.1,0.92,Buy
03/13/2023,WE,Real Estate,0.92,"12,614,030",0.96,0.96,0.89,Buy
03/14/2023,WE,Real Estate,0.91,"11,383,010",0.98,1.09,0.91,Buy
03/15/2023,WE,Real Estate,0.86,"6,797,909",0.9,0.91,0.84,Buy
03/16/2023,WE,Real Estate,0.98,"13,709,810",0.86,1.02,0.82,Buy
03/17/2023,WE,Real Estate,0.98,"9,524,845",1.02,1.06,0.95,Buy
03/20/2023,WE,Real Estate,0.97,"7,510,901",0.97,1.02,0.93,Buy
03/21/2023,WE,Real Estate,1.07,"6,417,434",1,1.1,0.99,Buy
03/22/2023,WE,Real Estate,0.95,"11,991,100",1.07,1.08,0.95,Buy
03/23/2023,WE,Real Estate,0.85,"13,991,430",1,1.03,0.84,Buy
03/24/2023,WE,Real Estate,0.81,"21,762,320",0.87,0.87,0.8,Buy
03/27/2023,WE,Real Estate,0.76,"14,238,670",0.81,0.83,0.76,Buy
03/28/2023,WE,Real Estate,0.7,"12,871,090",0.76,0.78,0.69,Buy
03/29/2023,WE,Real Estate,0.75,"19,463,860",0.73,0.78,0.7,Buy
03/30/2023,WE,Real Estate,0.77,"12,057,480",0.79,0.8,0.73,Buy
03/31/2023,WE,Real Estate,0.78,"10,006,090",0.79,0.81,0.76,Buy
04/03/2023,WE,Real Estate,0.77,"7,067,384",0.78,0.79,0.73,Buy
04/04/2023,WE,Real Estate,0.69,"11,594,070",0.76,0.78,0.67,Buy
04/05/2023,WE,Real Estate,0.67,"6,618,209",0.69,0.7,0.66,Buy
04/06/2023,WE,Real Estate,0.65,"4,254,095",0.67,0.69,0.65,Buy
04/10/2023,WE,Real Estate,0.59,"23,787,250",0.65,0.66,0.59,Buy
04/11/2023,WE,Real Estate,0.56,"10,650,540",0.59,0.6,0.56,Buy
04/12/2023,WE,Real Estate,0.48,"16,983,610",0.57,0.57,0.48,Buy
04/13/2023,WE,Real Estate,0.53,"16,613,930",0.5,0.55,0.49,Buy
04/14/2023,WE,Real Estate,0.5,"18,836,700",0.54,0.56,0.49,Buy
04/17/2023,WE,Real Estate,0.49,"6,598,649",0.5,0.52,0.48,Buy
04/18/2023,WE,Real Estate,0.49,"10,597,460",0.51,0.52,0.44,Buy
04/19/2023,WE,Real Estate,0.46,"6,831,176",0.47,0.5,0.46,Buy
04/20/2023,WE,Real Estate,0.48,"8,189,689",0.46,0.5,0.45,Buy
04/21/2023,WE,Real Estate,0.45,"4,744,700",0.47,0.5,0.45,Buy
04/24/2023,WE,Real Estate,0.47,"5,708,734",0.46,0.49,0.46,Buy
04/25/2023,WE,Real Estate,0.44,"5,892,838",0.49,0.49,0.42,Buy
04/26/2023,WE,Real Estate,0.41,"7,484,078",0.46,0.46,0.4,Buy
04/27/2023,WE,Real Estate,0.44,"5,755,627",0.42,0.44,0.4,Buy
04/28/2023,WE,Real Estate,0.42,"8,578,883",0.42,0.46,0.41,Buy
05/01/2023,WE,Real Estate,0.4,"6,525,117",0.44,0.44,0.4,Buy
05/02/2023,WE,Real Estate,0.42,"6,841,733",0.4,0.43,0.39,Buy
05/03/2023,WE,Real Estate,0.4,"5,232,780",0.42,0.43,0.4,Buy
05/04/2023,WE,Real Estate,0.4,"6,115,685",0.41,0.42,0.4,Buy
05/05/2023,WE,Real Estate,0.44,"5,324,879",0.4,0.46,0.4,Buy
05/08/2023,WE,Real Estate,0.46,"5,151,708",0.47,0.47,0.45,Buy
05/09/2023,WE,Real Estate,0.43,"10,629,610",0.46,0.46,0.41,Buy
05/10/2023,WE,Real Estate,0.39,"8,582,378",0.46,0.46,0.38,Buy
05/11/2023,WE,Real Estate,0.4,"7,685,207",0.4,0.42,0.38,Buy
05/12/2023,WE,Real Estate,0.38,"7,166,261",0.4,0.41,0.37,Buy
05/15/2023,WE,Real Estate,0.38,"4,408,501",0.38,0.39,0.37,Buy
05/16/2023,WE,Real Estate,0.35,"5,903,806",0.38,0.38,0.35,Buy
05/17/2023,WE,Real Estate,0.26,"29,979,190",0.34,0.35,0.26,Buy
05/18/2023,WE,Real Estate,0.26,"33,841,890",0.28,0.29,0.25,Buy
05/19/2023,WE,Real Estate,0.21,"57,397,170",0.26,0.27,0.2,Buy
05/22/2023,WE,Real Estate,0.21,"30,823,570",0.22,0.23,0.21,Buy
05/23/2023,WE,Real Estate,0.2,"44,038,610",0.21,0.21,0.19,Buy
05/24/2023,WE,Real Estate,0.2,"34,642,590",0.2,0.21,0.2,Buy
05/25/2023,WE,Real Estate,0.19,"36,841,710",0.2,0.21,0.18,Buy
05/26/2023,WE,Real Estate,0.19,"20,736,690",0.19,0.19,0.18,Buy
05/30/2023,WE,Real Estate,0.2,"30,635,920",0.19,0.2,0.18,Buy
05/31/2023,WE,Real Estate,0.17,"28,774,900",0.19,0.2,0.17,Buy
03/08/2023,SICP,Financial,4.91,"20,905,210",5.15,5.26,4.57,Buy
03/09/2023,SICP,Financial,2.84,"71,320,730",3.23,4.19,2.81,Buy
03/10/2023,SICP,Financial,2.52,"42,633,210",3.34,3.43,2.3,Buy
03/13/2023,SICP,Financial,2.38,"36,383,870",2.25,3.57,1.69,Buy
03/14/2023,SICP,Financial,2.21,"22,682,390",2.65,2.87,2.15,Buy
03/15/2023,SICP,Financial,2.31,"10,322,630",2.13,2.49,2.11,Buy
03/16/2023,SICP,Financial,2.12,"12,123,960",2.3,2.59,2.09,Buy
03/17/2023,SICP,Financial,2.05,"8,329,477",2.22,2.27,2.04,Buy
03/20/2023,SICP,Financial,1.68,"9,832,806",2.12,2.16,1.6,Buy
03/21/2023,SICP,Financial,1.47,"12,865,560",1.64,1.78,1.3,Buy
03/22/2023,SICP,Financial,1.32,"5,759,673",1.45,1.46,1.3,Buy
03/23/2023,SICP,Financial,1.13,"5,319,159",1.27,1.32,1.12,Buy
03/24/2023,SICP,Financial,1.72,"141,494,900",1.12,2.17,1.1,Buy
03/27/2023,SICP,Financial,1.97,"125,954,100",1.94,2.45,1.76,Buy
03/28/2023,SICP,Financial,2.08,"37,747,920",2.04,2.3,1.93,Buy
03/29/2023,SICP,Financial,1.84,"20,721,020",2.1,2.24,1.82,Buy
03/30/2023,SICP,Financial,1.62,"10,931,470",1.88,1.94,1.6,Buy
03/31/2023,SICP,Financial,1.62,"7,583,119",1.56,1.69,1.5,Buy
04/03/2023,SICP,Financial,1.62,"4,690,693",1.59,1.64,1.45,Buy
04/04/2023,SICP,Financial,1.58,"2,550,001",1.6,1.66,1.47,Buy
04/05/2023,SICP,Financial,1.47,"2,891,470",1.54,1.55,1.43,Buy
04/06/2023,SICP,Financial,1.43,"3,040,428",1.47,1.5,1.39,Buy
04/10/2023,SICP,Financial,1.39,"1,978,402",1.4,1.43,1.35,Buy
04/11/2023,SICP,Financial,1.56,"22,812,710",1.42,1.9,1.42,Buy
04/12/2023,SICP,Financial,1.55,"4,596,233",1.64,1.68,1.46,Buy
04/13/2023,SICP,Financial,1.59,"3,242,963",1.59,1.68,1.53,Buy
04/14/2023,SICP,Financial,1.52,"2,085,483",1.6,1.63,1.51,Buy
04/17/2023,SICP,Financial,1.57,"2,577,962",1.55,1.63,1.54,Buy
04/18/2023,SICP,Financial,1.53,"1,694,133",1.57,1.59,1.5,Buy
04/19/2023,SICP,Financial,1.62,"4,063,074",1.5,1.65,1.49,Buy
04/20/2023,SICP,Financial,1.61,"2,341,903",1.55,1.63,1.5,Buy
04/21/2023,SICP,Financial,1.52,"2,026,411",1.57,1.62,1.49,Buy
04/24/2023,SICP,Financial,1.38,"3,166,814",1.56,1.56,1.35,Buy
04/25/2023,SICP,Financial,1.32,"1,370,667",1.36,1.4,1.32,Buy
04/26/2023,SICP,Financial,1.27,"2,332,199",1.37,1.38,1.23,Buy
04/27/2023,SICP,Financial,1.33,"1,413,146",1.31,1.38,1.28,Buy
04/28/2023,SICP,Financial,1.35,"4,196,907",1.3,1.39,1.27,Buy
05/01/2023,SICP,Financial,1.3,"1,305,409",1.34,1.35,1.29,Buy
05/02/2023,SICP,Financial,1.19,"1,677,417",1.27,1.27,1.11,Buy
05/03/2023,SICP,Financial,1.13,"1,182,963",1.14,1.17,1.12,Buy
05/04/2023,SICP,Financial,1.21,"2,001,445",1.12,1.29,1.1,Buy
05/05/2023,SICP,Financial,1.34,"11,515,740",1.28,1.68,1.23,Buy
05/08/2023,SICP,Financial,1.26,"1,515,684",1.35,1.37,1.26,Buy
05/09/2023,SICP,Financial,1.24,"766,256",1.26,1.28,1.23,Buy
05/10/2023,SICP,Financial,1.25,"1,168,337",1.3,1.32,1.25,Buy
05/11/2023,SICP,Financial,1.25,N/A,1.25,1.25,1.25,Buy
05/12/2023,SICP,Financial,0.91,"10,330,900",0.8,1.12,0.02,Buy
05/15/2023,SICP,Financial,0.63,"880,320",0.74,0.75,0.46,Buy
05/16/2023,SICP,Financial,0.65,"1,034,863",0.45,0.85,0.4,Buy
05/17/2023,SICP,Financial,1.12,"1,041,326",0.65,1.19,0.5,Buy
05/18/2023,SICP,Financial,1.15,"643,356",0.8,1.28,0.8,Buy
05/19/2023,SICP,Financial,1.2,"423,233",0.9,1.25,0.8,Buy
05/22/2023,SICP,Financial,1.1,"922,043",1.14,1.19,0.9,Buy
05/23/2023,SICP,Financial,0.9,"757,111",1,1.1,0.82,Buy
05/24/2023,SICP,Financial,0.9,"288,666",0.9,1.08,0.9,Buy
05/25/2023,SICP,Financial,1,"579,506",0.94,1,0.89,Buy
05/26/2023,SICP,Financial,0.95,"656,320",0.65,1,0.65,Buy
05/30/2023,SICP,Financial,0.92,"111,189",0.65,1.05,0.2,Buy
05/31/2023,SICP,Financial,0.92,"409,048",0.92,1.02,0.21,Buy
03/09/2023,CRM,Technology,178.72,"7,102,401",183.1,183.84,178.54,Sell
03/10/2023,CRM,Technology,173.18,"14,108,960",178.5,179.36,171.71,Sell
03/13/2023,CRM,Technology,175.51,"9,154,758",171,177.1,170,Sell
03/14/2023,CRM,Technology,182.89,"10,138,050",180,185.31,179.11,Sell
03/15/2023,CRM,Technology,182.91,"7,716,870",179.16,183.86,178.21,Sell
03/16/2023,CRM,Technology,187.3,"8,370,712",183.3,187.65,182.98,Sell
03/17/2023,CRM,Technology,184.85,"10,493,250",186.04,187.66,184.18,Sell
03/20/2023,CRM,Technology,185.25,"5,513,205",184.21,185.52,182.65,Sell
03/21/2023,CRM,Technology,188.68,"6,982,001",185.87,189.28,184.89,Sell
03/22/2023,CRM,Technology,186.51,"6,575,610",190,191.44,186.41,Sell
03/23/2023,CRM,Technology,187.44,"8,685,007",187.4,190.56,185.58,Sell
03/24/2023,CRM,Technology,190.06,"6,104,529",186.5,190.32,186.09,Sell
03/27/2023,CRM,Technology,191.26,"7,776,500",188.92,192.11,188.91,Sell
03/28/2023,CRM,Technology,192.3,"4,899,041",191.18,192.83,191.18,Sell
03/29/2023,CRM,Technology,196.64,"8,085,228",193.14,197.43,192.88,Sell
03/30/2023,CRM,Technology,196.6,"6,932,465",197.77,198.17,195.49,Sell
03/31/2023,CRM,Technology,199.78,"6,634,260",197.49,200,196.99,Sell
04/03/2023,CRM,Technology,196.49,"5,340,770",198.22,198.93,195.53,Sell
04/04/2023,CRM,Technology,197.2,"4,659,099",198.15,198.7,196.62,Sell
04/05/2023,CRM,Technology,195.31,"3,953,707",198,198.29,193.73,Sell
04/06/2023,CRM,Technology,192.55,"6,304,734",194,194.07,189.6,Sell
04/10/2023,CRM,Technology,191.49,"5,263,845",190.59,192.55,189.28,Sell
04/11/2023,CRM,Technology,188.89,"4,907,689",189.06,190.46,187.31,Sell
04/12/2023,CRM,Technology,190.32,"5,033,376",190.3,191.89,189.53,Sell
04/13/2023,CRM,Technology,194.02,"4,716,442",190.45,194.38,190.45,Sell
04/14/2023,CRM,Technology,194.65,"5,073,782",191.85,195.17,191.19,Sell
04/17/2023,CRM,Technology,197.08,"5,413,475",195.16,197.52,195.03,Sell
04/18/2023,CRM,Technology,198.5,"4,679,040",199.08,200.12,197.06,Sell
04/19/2023,CRM,Technology,198.92,"3,665,103",196.3,199.07,195.73,Sell
04/20/2023,CRM,Technology,197.51,"3,619,971",197.18,200.08,196.82,Sell
04/21/2023,CRM,Technology,199.03,"4,860,102",197.03,199.12,196.47,Sell
04/24/2023,CRM,Technology,194.92,"4,449,683",198.45,198.77,194.06,Sell
04/25/2023,CRM,Technology,190.67,"5,009,990",193.97,194.12,190.63,Sell
04/26/2023,CRM,Technology,191.52,"4,007,551",192.62,194.37,190.57,Sell
04/27/2023,CRM,Technology,195.94,"4,794,364",194.17,197.51,193.27,Sell
04/28/2023,CRM,Technology,198.37,"4,094,567",196.15,198.65,195.27,Sell
05/01/2023,CRM,Technology,197.79,"2,882,931",197.76,199.05,197.12,Sell
05/02/2023,CRM,Technology,193.84,"6,051,017",198.02,198.41,192.93,Sell
05/03/2023,CRM,Technology,192.61,"3,779,878",194.21,195.79,192.56,Sell
05/04/2023,CRM,Technology,192.38,"4,386,506",191.9,194.56,190.76,Sell
05/05/2023,CRM,Technology,197.59,"4,284,371",193.95,198.11,193.25,Sell
05/08/2023,CRM,Technology,197.9,"4,169,404",198.72,200.5,196.08,Sell
05/09/2023,CRM,Technology,201.18,"6,996,781",196.78,203.8,196.78,Sell
05/10/2023,CRM,Technology,204.85,"6,535,555",204.94,206.28,203.04,Sell
05/11/2023,CRM,Technology,203.47,"5,366,315",202.91,203.8,198.55,Sell
05/12/2023,CRM,Technology,201.81,"4,733,643",203.43,203.96,200.13,Sell
05/15/2023,CRM,Technology,203.33,"4,518,205",203.75,205.4,202.48,Sell
05/16/2023,CRM,Technology,204.56,"4,424,764",201.93,205.67,201.75,Sell
05/17/2023,CRM,Technology,209.38,"5,772,221",206.5,209.49,204.8,Sell
05/18/2023,CRM,Technology,213.32,"5,165,465",209.5,213.88,209.33,Sell
05/19/2023,CRM,Technology,210.36,"6,091,604",212.96,213.24,209.93,Sell
05/22/2023,CRM,Technology,210.26,"3,890,834",209.17,212.82,209.04,Sell
05/23/2023,CRM,Technology,206.64,"4,256,810",207.74,209.64,206.47,Sell
05/24/2023,CRM,Technology,209.06,"4,894,012",206.04,210.21,205.42,Sell
05/25/2023,CRM,Technology,209.91,"6,496,676",212.02,212.33,208.44,Sell
05/26/2023,CRM,Technology,215.44,"6,933,320",212.8,216.15,212.55,Sell
05/30/2023,CRM,Technology,218.87,"10,421,050",219.27,222.14,215.73,Sell
05/31/2023,CRM,Technology,223.38,"19,624,030",219.55,225,217.06,Sell
03/10/2023,SIVB,Financial,106.04,N/A,106.04,106.04,106.04,Sell
03/13/2023,SIVB,Financial,106.04,N/A,106.04,106.04,106.04,Sell
03/14/2023,SIVB,Financial,106.04,N/A,106.04,106.04,106.04,Sell
03/15/2023,SIVB,Financial,106.04,N/A,106.04,106.04,106.04,Sell
03/16/2023,SIVB,Financial,106.04,N/A,106.04,106.04,106.04,Sell
03/17/2023,SIVB,Financial,106.04,N/A,106.04,106.04,106.04,Sell
03/20/2023,SIVB,Financial,106.04,N/A,106.04,106.04,106.04,Sell
03/21/2023,SIVB,Financial,106.04,N/A,106.04,106.04,106.04,Sell
03/22/2023,SIVB,Financial,106.04,N/A,106.04,106.04,106.04,Sell
03/23/2023,SIVB,Financial,106.04,N/A,106.04,106.04,106.04,Sell
03/24/2023,SIVB,Financial,106.04,N/A,106.04,106.04,106.04,Sell
03/27/2023,SIVB,Financial,106.04,N/A,106.04,106.04,106.04,Sell
03/28/2023,SIVB,Financial,0.4,"84,502,120",0.53,0.74,0.01,Sell
03/29/2023,SIVB,Financial,0.97,"67,419,710",0.39,1.29,0.33,Sell
03/30/2023,SIVB,Financial,0.9,"55,242,880",1.35,1.45,0.8,Sell
03/31/2023,SIVB,Financial,0.91,"29,616,550",0.91,1.2,0.7,Sell
04/03/2023,SIVB,Financial,0.99,"16,018,920",0.88,1.17,0.88,Sell
04/04/2023,SIVB,Financial,0.97,"6,836,192",0.99,1.08,0.91,Sell
04/05/2023,SIVB,Financial,0.91,"4,847,379",0.97,1.04,0.88,Sell
04/06/2023,SIVB,Financial,0.8,"6,573,026",0.93,0.93,0.75,Sell
04/10/2023,SIVB,Financial,0.61,"13,370,630",0.81,0.85,0.5,Sell
04/11/2023,SIVB,Financial,0.58,"2,875,857",0.62,0.64,0.52,Sell
04/12/2023,SIVB,Financial,0.57,"2,372,428",0.6,0.64,0.55,Sell
04/13/2023,SIVB,Financial,0.59,"1,875,338",0.57,0.62,0.53,Sell
04/14/2023,SIVB,Financial,0.58,"1,730,522",0.59,0.59,0.54,Sell
04/17/2023,SIVB,Financial,0.56,"1,203,277",0.59,0.59,0.55,Sell
04/18/2023,SIVB,Financial,0.55,"1,017,980",0.53,0.57,0.53,Sell
04/19/2023,SIVB,Financial,0.93,"10,192,400",0.56,0.94,0.55,Sell
04/20/2023,SIVB,Financial,0.77,"4,537,117",0.76,0.84,0.71,Sell
04/21/2023,SIVB,Financial,0.71,"1,795,485",0.67,0.76,0.67,Sell
04/24/2023,SIVB,Financial,0.72,"2,424,161",0.71,0.82,0.71,Sell
04/25/2023,SIVB,Financial,0.58,"3,202,509",0.72,0.73,0.56,Sell
04/26/2023,SIVB,Financial,0.59,"1,319,433",0.6,0.61,0.53,Sell
04/27/2023,SIVB,Financial,0.56,"1,112,827",0.59,0.65,0.56,Sell
04/28/2023,SIVB,Financial,0.49,"3,454,430",0.56,0.6,0.46,Sell
05/01/2023,SIVB,Financial,0.51,"1,859,159",0.47,0.53,0.42,Sell
05/02/2023,SIVB,Financial,0.49,"1,106,094",0.52,0.54,0.45,Sell
05/03/2023,SIVB,Financial,0.46,"1,610,293",0.48,0.5,0.43,Sell
05/04/2023,SIVB,Financial,0.41,"3,660,588",0.46,0.5,0.36,Sell
05/05/2023,SIVB,Financial,0.46,"1,440,614",0.41,0.49,0.41,Sell
05/08/2023,SIVB,Financial,0.48,"982,183",0.46,0.5,0.44,Sell
05/09/2023,SIVB,Financial,0.52,"2,142,128",0.48,0.56,0.48,Sell
05/10/2023,SIVB,Financial,0.51,"1,040,369",0.52,0.55,0.46,Sell
05/11/2023,SIVB,Financial,0.48,"1,050,570",0.5,0.52,0.47,Sell
05/12/2023,SIVB,Financial,0.49,"581,771",0.48,0.5,0.45,Sell
05/15/2023,SIVB,Financial,0.49,"409,075",0.47,0.49,0.47,Sell
05/16/2023,SIVB,Financial,0.47,"1,189,701",0.48,0.49,0.44,Sell
05/17/2023,SIVB,Financial,0.47,"409,984",0.48,0.48,0.46,Sell
05/18/2023,SIVB,Financial,0.48,"909,335",0.48,0.52,0.47,Sell
05/19/2023,SIVB,Financial,0.45,"772,012",0.46,0.49,0.45,Sell
05/22/2023,SIVB,Financial,0.46,"737,654",0.47,0.5,0.45,Sell
05/23/2023,SIVB,Financial,0.45,"411,927",0.47,0.49,0.44,Sell
05/24/2023,SIVB,Financial,0.4,"914,176",0.45,0.45,0.39,Sell
05/25/2023,SIVB,Financial,0.41,"1,799,658",0.44,0.48,0.4,Sell
05/26/2023,SIVB,Financial,0.42,"673,901",0.42,0.45,0.4,Sell
05/30/2023,SIVB,Financial,0.39,"595,264",0.42,0.43,0.38,Sell
05/31/2023,SIVB,Financial,0.39,"540,571",0.39,0.4,0.37,Sell
03/10/2023,FRC,Financial,81.76,"51,420,570",69.5,95.44,45,Sell
03/13/2023,FRC,Financial,31.21,"134,939,500",26.76,42,17.53,Sell
03/14/2023,FRC,Financial,39.63,"119,002,100",49.69,50.97,36.81,Sell
03/15/2023,FRC,Financial,31.16,"98,232,800",29.73,37.85,29.45,Sell
03/16/2023,FRC,Financial,34.27,"196,080,000",20.22,40,19.8,Sell
03/17/2023,FRC,Financial,23.03,"149,193,900",27.74,30.01,22.3,Sell
03/20/2023,FRC,Financial,12.18,"189,943,600",18.49,21.59,11.52,Sell
03/21/2023,FRC,Financial,15.77,"228,499,800",15.65,19.44,14.66,Sell
03/22/2023,FRC,Financial,13.33,"134,711,500",15.75,16.76,12.95,Sell
03/23/2023,FRC,Financial,12.53,"98,571,900",14.18,14.65,12,Sell
03/24/2023,FRC,Financial,12.36,"72,829,500",11.98,13.01,11.74,Sell
03/27/2023,FRC,Financial,13.82,"117,259,100",16.19,16.38,13.46,Sell
03/28/2023,FRC,Financial,13.5,"56,775,740",14.1,14.24,12.51,Sell
03/29/2023,FRC,Financial,14.26,"64,159,790",13.21,14.93,13.18,Sell
03/30/2023,FRC,Financial,13.69,"45,300,960",14.67,14.86,13.54,Sell
03/31/2023,FRC,Financial,13.99,"39,130,810",13.75,14.19,13.4,Sell
04/03/2023,FRC,Financial,14.6,"31,223,860",13.82,14.75,13.81,Sell
04/04/2023,FRC,Financial,13.79,"31,194,960",14.44,14.46,13.51,Sell
04/05/2023,FRC,Financial,13.44,"29,751,250",13.48,13.86,13.11,Sell
04/06/2023,FRC,Financial,14.03,"23,145,790",13.43,14.19,13.14,Sell
04/10/2023,FRC,Financial,14.16,"24,267,370",13.49,14.19,13.41,Sell
04/11/2023,FRC,Financial,14.13,"15,404,480",14.09,14.4,13.9,Sell
04/12/2023,FRC,Financial,13.82,"19,982,300",14.13,14.33,13.61,Sell
04/13/2023,FRC,Financial,13.61,"23,484,370",13.91,13.94,13.23,Sell
04/14/2023,FRC,Financial,13.12,"23,484,230",13.93,13.93,13.04,Sell
04/17/2023,FRC,Financial,13.14,"17,674,570",13,13.28,12.67,Sell
04/18/2023,FRC,Financial,12.58,"18,874,560",13.02,13.07,12.56,Sell
04/19/2023,FRC,Financial,14.14,"45,167,690",12.9,14.53,12.72,Sell
04/20/2023,FRC,Financial,13.88,"18,277,150",13.8,14.12,13.52,Sell
04/21/2023,FRC,Financial,14.26,"23,722,570",13.9,14.46,13.64,Sell
04/24/2023,FRC,Financial,16,"90,165,120",14.27,16.36,14.2,Sell
04/25/2023,FRC,Financial,8.1,"193,018,300",12.21,12.25,7.92,Sell
04/26/2023,FRC,Financial,5.69,"190,394,300",7.12,7.16,4.76,Sell
04/27/2023,FRC,Financial,6.19,"83,275,570",5.65,6.83,5.53,Sell
04/28/2023,FRC,Financial,3.51,"176,848,300",6.59,6.6,2.99,Sell
05/01/2023,FRC,Financial,3.51,N/A,3.51,3.51,3.51,Sell
05/02/2023,FRC,Financial,3.51,N/A,3.51,3.51,3.51,Sell
05/03/2023,FRC,Financial,0.33,"220,562,300",0.4,0.49,0.3,Sell
05/04/2023,FRC,Financial,0.32,"54,979,640",0.35,0.36,0.27,Sell
05/05/2023,FRC,Financial,0.35,"37,913,710",0.28,0.36,0.28,Sell
05/08/2023,FRC,Financial,0.39,"23,037,020",0.35,0.39,0.32,Sell
05/09/2023,FRC,Financial,0.44,"23,608,650",0.39,0.46,0.38,Sell
05/10/2023,FRC,Financial,0.47,"18,769,830",0.44,0.48,0.36,Sell
05/11/2023,FRC,Financial,0.42,"10,306,350",0.45,0.45,0.39,Sell
05/12/2023,FRC,Financial,0.39,"7,340,507",0.43,0.45,0.39,Sell
05/15/2023,FRC,Financial,0.37,"9,041,854",0.39,0.39,0.35,Sell
05/16/2023,FRC,Financial,0.38,"6,447,464",0.37,0.4,0.37,Sell
05/17/2023,FRC,Financial,0.38,"4,590,588",0.38,0.39,0.37,Sell
05/18/2023,FRC,Financial,0.39,"5,786,789",0.38,0.39,0.37,Sell
05/19/2023,FRC,Financial,0.39,"7,308,377",0.4,0.4,0.37,Sell
05/22/2023,FRC,Financial,0.36,"10,314,450",0.4,0.4,0.36,Sell
05/23/2023,FRC,Financial,0.34,"7,110,661",0.36,0.36,0.33,Sell
05/24/2023,FRC,Financial,0.31,"5,499,285",0.33,0.34,0.3,Sell
05/25/2023,FRC,Financial,0.28,"10,816,880",0.31,0.32,0.26,Sell
05/26/2023,FRC,Financial,0.3,"4,542,804",0.29,0.33,0.29,Sell
05/30/2023,FRC,Financial,0.28,"3,122,396",0.3,0.3,0.28,Sell
05/31/2023,FRC,Financial,0.27,"2,634,546",0.28,0.28,0.27,Sell
03/10/2023,JNJ,Healthcare,151.61,"8,504,316",151.86,153.49,151.1,Sell
03/13/2023,JNJ,Healthcare,153.06,"10,799,580",152.09,155.91,151.57,Sell
03/14/2023,JNJ,Healthcare,153.92,"8,421,189",153.28,154.03,151.9,Sell
03/15/2023,JNJ,Healthcare,154.35,"7,757,686",152.84,154.89,152.53,Sell
03/16/2023,JNJ,Healthcare,154.03,"7,606,079",153.45,154.37,152.61,Sell
03/17/2023,JNJ,Healthcare,152.38,"20,540,670",154.48,154.95,152.3,Sell
03/20/2023,JNJ,Healthcare,153.89,"7,128,958",152.47,154.08,152.38,Sell
03/21/2023,JNJ,Healthcare,153.89,"8,376,843",154,154.13,152.17,Sell
03/22/2023,JNJ,Healthcare,151.05,"7,943,526",153.85,154.06,151.03,Sell
03/23/2023,JNJ,Healthcare,151.13,"9,051,510",151.18,151.69,150.11,Sell
03/24/2023,JNJ,Healthcare,152.65,"5,696,845",151.48,152.76,150.83,Sell
03/27/2023,JNJ,Healthcare,153.3,"6,772,282",154.2,154.54,153.11,Sell
03/28/2023,JNJ,Healthcare,151.82,"6,115,293",152.39,153.45,151.73,Sell
03/29/2023,JNJ,Healthcare,153.31,"6,012,030",152.24,153.38,152.07,Sell
03/30/2023,JNJ,Healthcare,153.43,"4,555,905",153.58,153.8,152.81,Sell
03/31/2023,JNJ,Healthcare,155,"9,890,047",153.79,155.19,153.24,Sell
04/03/2023,JNJ,Healthcare,156.85,"6,841,888",154.95,157.01,153.94,Sell
04/04/2023,JNJ,Healthcare,158.49,"8,314,527",156.97,158.97,156.59,Sell
04/05/2023,JNJ,Healthcare,165.61,"16,704,180",164.37,165.66,162.76,Sell
04/06/2023,JNJ,Healthcare,165.15,"9,615,407",165.99,167.23,164.8,Sell
04/10/2023,JNJ,Healthcare,164.32,"5,353,951",164.63,164.84,163.64,Sell
04/11/2023,JNJ,Healthcare,164.27,"5,903,824",164.42,165.28,164.04,Sell
04/12/2023,JNJ,Healthcare,163.92,"5,764,240",163.94,164.84,163.1,Sell
04/13/2023,JNJ,Healthcare,166.11,"5,640,617",164.18,166.33,163.81,Sell
04/14/2023,JNJ,Healthcare,165.84,"7,225,127",165.97,166.12,164.06,Sell
04/17/2023,JNJ,Healthcare,165.67,"8,046,428",165.74,166.24,164.94,Sell
04/18/2023,JNJ,Healthcare,161.01,"14,571,490",164.25,164.69,159.65,Sell
04/19/2023,JNJ,Healthcare,162.53,"6,752,006",161.99,162.68,161.17,Sell
04/20/2023,JNJ,Healthcare,163.58,"9,498,768",162.43,163.82,160.96,Sell
04/21/2023,JNJ,Healthcare,162.69,"7,014,214",164.44,164.97,161.97,Sell
04/24/2023,JNJ,Healthcare,163.68,"5,278,892",162.69,163.81,161.87,Sell
04/25/2023,JNJ,Healthcare,165.18,"6,263,103",164.31,165.35,164.16,Sell
04/26/2023,JNJ,Healthcare,162.62,"5,518,174",164.09,164.39,162.24,Sell
04/27/2023,JNJ,Healthcare,163,"5,739,700",162.9,163.41,162.13,Sell
04/28/2023,JNJ,Healthcare,163.7,"6,024,864",162.81,163.76,162.56,Sell
05/01/2023,JNJ,Healthcare,163.6,"4,893,426",163.6,164.3,162.24,Sell
05/02/2023,JNJ,Healthcare,165.03,"7,541,724",164.34,165.48,163.56,Sell
05/03/2023,JNJ,Healthcare,162.87,"5,937,170",165.55,166.18,162.51,Sell
05/04/2023,JNJ,Healthcare,162.13,"5,127,992",162.68,162.9,161.25,Sell
05/05/2023,JNJ,Healthcare,162.68,"5,194,461",162.84,163.13,161.69,Sell
05/08/2023,JNJ,Healthcare,162.31,"4,994,929",161.99,162.57,161.34,Sell
05/09/2023,JNJ,Healthcare,161.05,"5,520,642",161.75,162.13,160.79,Sell
05/10/2023,JNJ,Healthcare,161.65,"6,756,629",161.2,161.97,160.06,Sell
05/11/2023,JNJ,Healthcare,160.99,"5,867,620",161.83,162.19,159.39,Sell
05/12/2023,JNJ,Healthcare,160.78,"3,904,327",161.36,161.56,160.01,Sell
05/15/2023,JNJ,Healthcare,159.55,"5,104,486",160.8,161.03,158.94,Sell
05/16/2023,JNJ,Healthcare,159.34,"5,599,505",159.06,160.25,158.53,Sell
05/17/2023,JNJ,Healthcare,158.99,"6,840,687",159.79,160.06,157.77,Sell
05/18/2023,JNJ,Healthcare,158.48,"5,172,966",158.66,158.93,157.56,Sell
05/19/2023,JNJ,Healthcare,158.91,"6,527,141",158.59,159.93,158.14,Sell
05/22/2023,JNJ,Healthcare,156.87,"5,675,927",158,159.14,156.78,Sell
05/23/2023,JNJ,Healthcare,156.81,"5,793,009",157.1,158.27,156.37,Sell
05/24/2023,JNJ,Healthcare,156.66,"5,015,148",157.08,157.14,155.92,Sell
05/25/2023,JNJ,Healthcare,154.41,"6,886,056",156.05,156.29,153.72,Sell
05/26/2023,JNJ,Healthcare,154.35,"6,845,396",154.69,155.28,154.2,Sell
05/30/2023,JNJ,Healthcare,154.37,"5,593,080",153.97,155.38,153.32,Sell
05/31/2023,JNJ,Healthcare,155.06,"11,324,590",154.7,155.69,153.85,Sell
03/10/2023,JPM,Financial,133.65,"37,599,660",128.96,135.26,127.82,Sell
03/13/2023,JPM,Financial,131.25,"42,901,130",131.21,133.88,129.41,Sell
03/14/2023,JPM,Financial,134.62,"29,648,120",135.28,135.53,131.29,Sell
03/15/2023,JPM,Financial,128.26,"34,280,610",130.98,130.99,126.73,Sell
03/16/2023,JPM,Financial,130.75,"24,570,590",128.01,131.95,126.02,Sell
03/17/2023,JPM,Financial,125.81,"38,395,980",128.38,128.48,125.45,Sell
03/20/2023,JPM,Financial,127.14,"22,875,510",126.99,129.47,126.01,Sell
03/21/2023,JPM,Financial,130.55,"17,807,810",130.59,131.73,130.19,Sell
03/22/2023,JPM,Financial,127.18,"17,250,170",130.56,130.66,127.08,Sell
03/23/2023,JPM,Financial,126.84,"16,677,640",127.9,129.53,126.02,Sell
03/24/2023,JPM,Financial,124.91,"22,326,920",125.63,125.68,123.11,Sell
03/27/2023,JPM,Financial,128.49,"18,853,940",126.79,129.38,126.29,Sell
03/28/2023,JPM,Financial,128.88,"10,820,470",128.71,129.34,127.74,Sell
03/29/2023,JPM,Financial,129.14,"14,595,260",130.1,130.22,127.77,Sell
03/30/2023,JPM,Financial,128.75,"12,134,680",129.95,130.12,127.65,Sell
03/31/2023,JPM,Financial,130.31,"13,105,220",129.66,130.34,128.85,Sell
04/03/2023,JPM,Financial,130.16,"11,775,390",129.91,131.44,129.41,Sell
04/04/2023,JPM,Financial,128.42,"11,579,920",130.5,130.59,127.41,Sell
04/05/2023,JPM,Financial,127.61,"9,614,692",126.8,128.15,126.46,Sell
04/06/2023,JPM,Financial,127.47,"8,760,220",127,128.08,126.86,Sell
04/10/2023,JPM,Financial,127.89,"9,477,292",126.54,128.23,126.22,Sell
04/11/2023,JPM,Financial,128.52,"10,516,270",128.3,128.94,127.54,Sell
04/12/2023,JPM,Financial,128.5,"11,821,000",129.18,130.43,128.06,Sell
04/13/2023,JPM,Financial,128.99,"12,450,240",128.46,129.04,126.83,Sell
04/14/2023,JPM,Financial,138.73,"43,931,330",135.15,139.12,134.9,Sell
04/17/2023,JPM,Financial,139.83,"16,050,490",139.95,140.06,137.66,Sell
04/18/2023,JPM,Financial,141.4,"13,760,140",140.27,141.78,139.03,Sell
04/19/2023,JPM,Financial,141.22,"9,158,112",141.23,141.5,140.4,Sell
04/20/2023,JPM,Financial,140.81,"10,586,250",139.91,141.43,139.84,Sell
04/21/2023,JPM,Financial,140.54,"11,842,540",139.74,141.11,138.78,Sell
04/24/2023,JPM,Financial,140.73,"7,567,666",140.46,141.1,140.04,Sell
04/25/2023,JPM,Financial,137.67,"10,629,330",139.6,139.96,137.63,Sell
04/26/2023,JPM,Financial,135.23,"14,416,150",137.62,137.81,134,Sell
04/27/2023,JPM,Financial,137.05,"9,041,092",136,137.91,135.66,Sell
04/28/2023,JPM,Financial,138.24,"9,887,262",136.56,138.32,135.67,Sell
05/01/2023,JPM,Financial,141.2,"20,415,760",142.26,143.37,140.83,Sell
05/02/2023,JPM,Financial,138.92,"14,113,450",141.4,142.41,138.43,Sell
05/03/2023,JPM,Financial,135.98,"12,930,910",138.44,138.67,135.76,Sell
05/04/2023,JPM,Financial,134.12,"17,089,160",134.96,135.72,131.81,Sell
05/05/2023,JPM,Financial,136.74,"11,261,390",136.44,137.88,135.91,Sell
05/08/2023,JPM,Financial,137.07,"7,484,872",137.49,137.97,136.48,Sell
05/09/2023,JPM,Financial,136.41,"7,343,573",135.93,136.95,135.21,Sell
05/10/2023,JPM,Financial,136.48,"8,133,416",137.95,138.06,134.87,Sell
05/11/2023,JPM,Financial,136.05,"7,057,277",135,136.81,134.9,Sell
05/12/2023,JPM,Financial,134.1,"9,988,598",136.82,136.99,133.13,Sell
05/15/2023,JPM,Financial,135.23,"7,639,451",134.27,135.67,133.96,Sell
05/16/2023,JPM,Financial,134.32,"6,483,267",135.46,135.94,133.96,Sell
05/17/2023,JPM,Financial,138.45,"12,711,520",135.9,138.59,135.46,Sell
05/18/2023,JPM,Financial,139.5,"10,999,610",138.27,139.73,137.76,Sell
05/19/2023,JPM,Financial,139.18,"13,492,240",139.79,140.49,138.13,Sell
05/22/2023,JPM,Financial,138.03,"11,402,480",141,141.64,137.66,Sell
05/23/2023,JPM,Financial,136.59,"9,514,897",137.54,139.03,136.46,Sell
05/24/2023,JPM,Financial,135.34,"8,577,997",135.4,136.35,135.08,Sell
05/25/2023,JPM,Financial,135.67,"8,472,505",134.82,136.27,134.58,Sell
05/26/2023,JPM,Financial,136.94,"8,579,941",136.11,137.6,135.63,Sell
05/30/2023,JPM,Financial,137.46,"7,399,867",136.8,137.72,136.02,Sell
05/31/2023,JPM,Financial,135.71,"14,219,910",136.73,136.84,134.4,Sell
03/14/2023,HBAN,Financial,11.05,"67,471,570",13.02,13.28,10.7,Sell
03/15/2023,HBAN,Financial,10.85,"71,165,730",10.68,10.86,9.94,Sell
03/16/2023,HBAN,Financial,11.13,"47,795,410",10.75,11.26,10.1,Sell
03/17/2023,HBAN,Financial,10.34,"80,446,720",10.62,10.7,10.25,Sell
03/20/2023,HBAN,Financial,10.64,"30,271,010",10.58,10.89,10.45,Sell
03/21/2023,HBAN,Financial,11.24,"34,061,940",11.11,11.32,10.9,Sell
03/22/2023,HBAN,Financial,10.66,"25,851,990",11.22,11.22,10.62,Sell
03/23/2023,HBAN,Financial,10.68,"38,668,640",10.75,11.07,10.62,Sell
03/24/2023,HBAN,Financial,10.78,"21,347,550",10.51,10.82,10.41,Sell
03/27/2023,HBAN,Financial,11.12,"24,809,580",11.19,11.42,10.96,Sell
03/28/2023,HBAN,Financial,11.12,"14,751,740",11.11,11.24,10.94,Sell
03/29/2023,HBAN,Financial,11.34,"14,239,520",11.25,11.36,11.18,Sell
03/30/2023,HBAN,Financial,11.14,"15,931,150",11.51,11.53,11.07,Sell
03/31/2023,HBAN,Financial,11.2,"15,360,470",11.26,11.3,11.03,Sell
04/03/2023,HBAN,Financial,11.17,"17,960,930",11.27,11.39,11,Sell
04/04/2023,HBAN,Financial,10.98,"17,010,630",11.23,11.25,10.73,Sell
04/05/2023,HBAN,Financial,11.04,"16,483,140",10.76,11.09,10.71,Sell
04/06/2023,HBAN,Financial,11.19,"14,406,060",11.15,11.34,11.02,Sell
04/10/2023,HBAN,Financial,11.3,"16,774,180",11.1,11.48,11.03,Sell
04/11/2023,HBAN,Financial,11.4,"10,479,430",11.3,11.5,11.27,Sell
04/12/2023,HBAN,Financial,11.32,"14,995,220",11.44,11.56,11.27,Sell
04/13/2023,HBAN,Financial,11.33,"14,317,410",11.3,11.45,11.12,Sell
04/14/2023,HBAN,Financial,11.41,"13,932,830",11.56,11.58,11.28,Sell
04/17/2023,HBAN,Financial,11.71,"16,107,220",11.49,11.75,11.14,Sell
04/18/2023,HBAN,Financial,11.6,"18,141,030",11.73,11.74,11.49,Sell
04/19/2023,HBAN,Financial,11.84,"15,951,880",11.65,11.89,11.47,Sell
04/20/2023,HBAN,Financial,11.63,"15,658,820",11.9,12.04,11.5,Sell
04/21/2023,HBAN,Financial,11.44,"13,493,210",11.59,11.59,11.38,Sell
04/24/2023,HBAN,Financial,11.2,"14,696,930",11.45,11.47,11.17,Sell
04/25/2023,HBAN,Financial,10.94,"18,822,180",11,11.16,10.81,Sell
04/26/2023,HBAN,Financial,10.83,"16,139,330",10.9,11.06,10.72,Sell
04/27/2023,HBAN,Financial,11.15,"10,426,320",10.92,11.21,10.88,Sell
04/28/2023,HBAN,Financial,11.2,"17,237,710",11.1,11.37,11.05,Sell
05/01/2023,HBAN,Financial,10.99,"14,412,630",11.21,11.25,10.95,Sell
05/02/2023,HBAN,Financial,10.3,"26,016,450",10.93,10.93,10.08,Sell
05/03/2023,HBAN,Financial,10.07,"17,779,690",10.4,10.52,10.04,Sell
05/04/2023,HBAN,Financial,9.44,"45,813,330",9.78,9.79,9.21,Sell
05/05/2023,HBAN,Financial,9.85,"28,418,270",9.86,9.96,9.52,Sell
05/08/2023,HBAN,Financial,9.75,"13,031,610",10.08,10.16,9.7,Sell
05/09/2023,HBAN,Financial,9.8,"13,079,900",9.65,9.83,9.53,Sell
05/10/2023,HBAN,Financial,9.58,"17,353,920",9.94,9.99,9.46,Sell
05/11/2023,HBAN,Financial,9.28,"18,104,100",9.34,9.52,9.23,Sell
05/12/2023,HBAN,Financial,9.28,"14,216,600",9.35,9.37,9.13,Sell
05/15/2023,HBAN,Financial,9.56,"14,622,380",9.29,9.58,9.26,Sell
05/16/2023,HBAN,Financial,9.48,"12,307,780",9.71,9.72,9.48,Sell
05/17/2023,HBAN,Financial,10.04,"14,795,160",9.69,10.08,9.67,Sell
05/18/2023,HBAN,Financial,10.23,"17,851,340",10.02,10.24,9.9,Sell
05/19/2023,HBAN,Financial,10.17,"14,660,440",10.31,10.36,10.01,Sell
05/22/2023,HBAN,Financial,10.53,"12,161,170",10.26,10.56,10.14,Sell
05/23/2023,HBAN,Financial,10.53,"13,371,020",10.57,10.85,10.53,Sell
05/24/2023,HBAN,Financial,10.36,"9,415,128",10.39,10.5,10.29,Sell
05/25/2023,HBAN,Financial,10.42,"10,914,460",10.22,10.44,10.2,Sell
05/26/2023,HBAN,Financial,10.52,"8,904,289",10.42,10.53,10.28,Sell
05/30/2023,HBAN,Financial,10.63,"10,769,670",10.55,10.66,10.36,Sell
05/31/2023,HBAN,Financial,10.31,"19,825,470",10.52,10.55,10.24,Sell
03/14/2023,SCHW,Financial,56.68,"112,494,900",59.29,61.11,55,Sell
03/15/2023,SCHW,Financial,59.55,"87,012,340",57.05,59.98,54.54,Sell
03/16/2023,SCHW,Financial,57.88,"66,533,560",58.41,60,55.84,Sell
03/17/2023,SCHW,Financial,56.41,"64,528,790",56.53,57.31,53.76,Sell
03/20/2023,SCHW,Financial,56.11,"46,523,720",58.56,59.97,55.95,Sell
03/21/2023,SCHW,Financial,59.47,"39,433,910",58.5,60,57.32,Sell
03/22/2023,SCHW,Financial,56.26,"35,735,710",59.06,59.29,56.25,Sell
03/23/2023,SCHW,Financial,52.89,"46,162,500",56.15,56.89,52.8,Sell
03/24/2023,SCHW,Financial,53.26,"45,444,060",52.09,54.11,51.11,Sell
03/27/2023,SCHW,Financial,54.86,"27,218,100",54.82,55.3,54.1,Sell
03/28/2023,SCHW,Financial,53.85,"23,163,190",54.34,54.54,52.97,Sell
03/29/2023,SCHW,Financial,55.21,"26,360,180",53.97,55.24,53.09,Sell
03/30/2023,SCHW,Financial,52.47,"45,460,370",53.77,54.17,51.87,Sell
03/31/2023,SCHW,Financial,52.38,"43,886,080",52.45,52.65,50.76,Sell
04/03/2023,SCHW,Financial,51.57,"24,883,210",52.78,53.59,51.54,Sell
04/04/2023,SCHW,Financial,50,"29,144,530",51.65,51.94,49.89,Sell
04/05/2023,SCHW,Financial,48.87,"37,752,990",49.07,49.42,48.36,Sell
04/06/2023,SCHW,Financial,49.35,"28,155,030",48.8,49.74,48.57,Sell
04/10/2023,SCHW,Financial,51.72,"31,528,540",49.51,52.17,49.49,Sell
04/11/2023,SCHW,Financial,51.71,"19,861,930",51.55,52.29,51.23,Sell
04/12/2023,SCHW,Financial,51.92,"19,174,380",52.07,52.78,51.27,Sell
04/13/2023,SCHW,Financial,51.49,"16,165,120",51.62,51.95,51.3,Sell
04/14/2023,SCHW,Financial,50.77,"32,171,900",52.16,52.28,50.12,Sell
04/17/2023,SCHW,Financial,52.77,"52,377,600",49.5,52.82,49,Sell
04/18/2023,SCHW,Financial,54,"36,872,340",52.5,54.25,52.28,Sell
04/19/2023,SCHW,Financial,55.55,"35,415,560",54,56.27,53.99,Sell
04/20/2023,SCHW,Financial,54,"24,735,680",54.56,55.88,53.75,Sell
04/21/2023,SCHW,Financial,53.8,"17,572,810",54.26,54.31,53.1,Sell
04/24/2023,SCHW,Financial,53.12,"13,246,070",53.65,54.22,53.01,Sell
04/25/2023,SCHW,Financial,51.03,"17,042,880",52.63,52.84,50.86,Sell
04/26/2023,SCHW,Financial,50.6,"11,422,580",50.52,51.27,50.3,Sell
04/27/2023,SCHW,Financial,51.73,"12,315,870",50.73,52.3,50.36,Sell
04/28/2023,SCHW,Financial,52.24,"12,797,330",51.16,52.43,50.8,Sell
05/01/2023,SCHW,Financial,51.81,"11,040,990",52.11,53.08,51.4,Sell
05/02/2023,SCHW,Financial,50.1,"20,934,450",51.6,51.7,49.05,Sell
05/03/2023,SCHW,Financial,48.03,"22,505,350",50.38,50.59,47.75,Sell
05/04/2023,SCHW,Financial,47.37,"26,316,220",47.18,47.6,45.65,Sell
05/05/2023,SCHW,Financial,49.24,"22,019,600",49.1,50.28,48.57,Sell
05/08/2023,SCHW,Financial,47.63,"19,204,700",49.98,50.26,47.5,Sell
05/09/2023,SCHW,Financial,47.94,"11,467,370",47.54,48.28,47.11,Sell
05/10/2023,SCHW,Financial,47.55,"12,343,400",48.64,48.72,47.2,Sell
05/11/2023,SCHW,Financial,47.73,"11,764,020",47.15,47.78,46.55,Sell
05/12/2023,SCHW,Financial,48.94,"19,336,830",48.7,49.79,48.32,Sell
05/15/2023,SCHW,Financial,50.94,"22,098,030",50.51,51.8,50.2,Sell
05/16/2023,SCHW,Financial,50.09,"12,361,190",50.67,51.2,50.08,Sell
05/17/2023,SCHW,Financial,51.82,"19,884,430",50.71,52.17,50.07,Sell
05/18/2023,SCHW,Financial,51.75,"12,764,920",51.96,52.15,51,Sell
05/19/2023,SCHW,Financial,51.67,"11,963,870",52.13,52.22,51.12,Sell
05/22/2023,SCHW,Financial,51.97,"9,277,357",52,52.14,51.26,Sell
05/23/2023,SCHW,Financial,52.79,"14,865,320",52.22,53.35,52.16,Sell
05/24/2023,SCHW,Financial,52.08,"10,073,270",52.27,52.65,51.94,Sell
05/25/2023,SCHW,Financial,54.24,"18,822,360",51.9,54.27,51.71,Sell
05/26/2023,SCHW,Financial,53.67,"11,521,420",54.22,54.5,53.38,Sell
05/30/2023,SCHW,Financial,53.84,"12,334,160",54,54.35,53.19,Sell
05/31/2023,SCHW,Financial,52.69,"17,631,540",53.38,53.55,52.47,Sell
03/16/2023,GS,Financial,315.09,"4,401,879",309,318.32,304.92,Sell
03/17/2023,GS,Financial,303.54,"6,369,764",310.09,310.41,301.87,Sell
03/20/2023,GS,Financial,309.53,"3,963,653",306.78,312.2,306.26,Sell
03/21/2023,GS,Financial,317.28,"3,242,359",317.62,320.32,315.35,Sell
03/22/2023,GS,Financial,313.67,"2,505,897",317.28,322.22,313.49,Sell
03/23/2023,GS,Financial,314.85,"2,585,854",315.21,321.36,312.64,Sell
03/24/2023,GS,Financial,312.57,"2,457,182",310.15,312.75,305.36,Sell
03/27/2023,GS,Financial,318.53,"2,300,622",318.62,320.9,317.17,Sell
03/28/2023,GS,Financial,318.44,"1,224,463",319.09,320.61,316.12,Sell
03/29/2023,GS,Financial,320.72,"1,475,911",322.5,322.71,318.68,Sell
03/30/2023,GS,Financial,321.14,"1,456,528",324.56,324.87,319.88,Sell
03/31/2023,GS,Financial,327.11,"2,281,101",323.47,327.33,322.42,Sell
04/03/2023,GS,Financial,326.52,"1,808,836",326.14,328.98,323.16,Sell
04/04/2023,GS,Financial,322.65,"1,536,818",326.82,326.87,320.12,Sell
04/05/2023,GS,Financial,321.53,"1,329,340",319.62,322.2,319.37,Sell
04/06/2023,GS,Financial,322.4,"1,310,998",320.38,323.23,319.98,Sell
04/10/2023,GS,Financial,324.96,"1,114,386",322.4,324.99,321.31,Sell
04/11/2023,GS,Financial,327.37,"1,559,582",326.05,329.2,323.67,Sell
04/12/2023,GS,Financial,330.24,"1,862,442",331.72,332.07,327.18,Sell
04/13/2023,GS,Financial,332.13,"1,765,454",330.08,332.94,327,Sell
04/14/2023,GS,Financial,336.92,"2,275,657",336.53,339.63,334.32,Sell
04/17/2023,GS,Financial,339.68,"3,012,148",336,340.45,333.68,Sell
04/18/2023,GS,Financial,333.91,"7,549,535",328,336.55,326.13,Sell
04/19/2023,GS,Financial,336.89,"2,625,397",332.98,336.99,331.67,Sell
04/20/2023,GS,Financial,338.71,"2,218,025",334.95,339.31,334.32,Sell
04/21/2023,GS,Financial,341.66,"2,278,870",339,342.36,336,Sell
04/24/2023,GS,Financial,343.96,"1,966,254",341.99,345.06,341.53,Sell
04/25/2023,GS,Financial,339.48,"2,138,164",341,343.47,338.33,Sell
04/26/2023,GS,Financial,336.56,"2,042,094",337.58,340.6,334.64,Sell
04/27/2023,GS,Financial,341.6,"1,768,168",340.14,343.36,338.76,Sell
04/28/2023,GS,Financial,343.44,"1,714,119",340.05,344.1,339.7,Sell
05/01/2023,GS,Financial,340.57,"1,375,028",344.05,347.46,340.37,Sell
05/02/2023,GS,Financial,333.37,"2,397,583",339.01,339.89,330,Sell
05/03/2023,GS,Financial,328.65,"1,825,366",332.36,334.83,328.25,Sell
05/04/2023,GS,Financial,321.26,"2,965,114",325.95,326.98,318.56,Sell
05/05/2023,GS,Financial,327.02,"2,413,384",325.06,327.87,322.42,Sell
05/08/2023,GS,Financial,326.51,"1,607,368",329.64,330.3,325.67,Sell
05/09/2023,GS,Financial,324.77,"1,253,285",325.04,327.18,323.3,Sell
05/10/2023,GS,Financial,322.55,"1,752,373",329.92,329.92,319.08,Sell
05/11/2023,GS,Financial,320.72,"1,515,390",319.66,321.94,318.18,Sell
05/12/2023,GS,Financial,319.5,"1,099,060",322.04,323.22,317.32,Sell
05/15/2023,GS,Financial,322.07,"1,178,249",320.42,323.25,318.06,Sell
05/16/2023,GS,Financial,320.81,"1,618,975",322.5,323.07,320.5,Sell
05/17/2023,GS,Financial,330.18,"2,098,260",322.66,330.39,322.66,Sell
05/18/2023,GS,Financial,329.58,"1,645,540",330,330.6,325.66,Sell
05/19/2023,GS,Financial,326.15,"1,546,149",330,331.95,324.79,Sell
05/22/2023,GS,Financial,324.92,"1,499,004",326.15,327.34,322.43,Sell
05/23/2023,GS,Financial,323.57,"1,551,084",323.6,327.14,322.81,Sell
05/24/2023,GS,Financial,319.81,"1,439,076",320.39,321.9,318.8,Sell
05/25/2023,GS,Financial,323.88,"1,618,646",318.92,325.18,318.8,Sell
05/26/2023,GS,Financial,332.01,"2,718,654",324.72,332.87,324,Sell
05/30/2023,GS,Financial,330.83,"1,998,762",332.08,332.53,327.73,Sell
05/31/2023,GS,Financial,323.9,"2,938,032",326.07,327.25,321.82,Sell
03/17/2023,QQQ,Technology,305.36,"89,923,730",306.72,309.15,303.37,Sell
03/20/2023,QQQ,Technology,305.97,"56,359,490",304.26,306.3,302.01,Sell
03/21/2023,QQQ,Technology,310.34,"49,757,050",307.94,310.8,306.395,Sell
03/22/2023,QQQ,Technology,306.12,"75,791,910",310.27,315.25,305.95,Sell
03/23/2023,QQQ,Technology,309.75,"74,575,980",309.92,314.15,307.01,Sell
03/24/2023,QQQ,Technology,310.89,"57,245,800",309.32,310.99,306.95,Sell
03/27/2023,QQQ,Technology,308.76,"50,287,410",311.6,312.7,307.89,Sell
03/28/2023,QQQ,Technology,307.12,"48,585,920",308.17,308.2,304.774,Sell
03/29/2023,QQQ,Technology,312.72,"53,274,270",310.88,313.35,310.05,Sell
03/30/2023,QQQ,Technology,315.68,"58,354,810",315.24,316.32,312.8088,Sell
03/31/2023,QQQ,Technology,320.93,"62,138,100",315.91,321.17,315.6,Sell
04/03/2023,QQQ,Technology,320.15,"47,126,840",318.77,320.42,317.4201,Sell
04/04/2023,QQQ,Technology,319.07,"45,875,380",320.6,321.63,317.8251,Sell
04/05/2023,QQQ,Technology,315.92,"62,795,710",318.1,319.06,314.07,Sell
04/06/2023,QQQ,Technology,318.05,"46,916,500",314.24,318.55,312.82,Sell
04/10/2023,QQQ,Technology,317.87,"45,134,740",315.07,317.92,313.25,Sell
04/11/2023,QQQ,Technology,315.83,"40,113,590",317.83,317.89,315.31,Sell
04/12/2023,QQQ,Technology,313.04,"62,813,310",317.82,318.42,312.565,Sell
04/13/2023,QQQ,Technology,319.17,"54,613,790",314.83,319.65,313.63,Sell
04/14/2023,QQQ,Technology,318.57,"56,278,280",317.59,320.36,315.61,Sell
04/17/2023,QQQ,Technology,318.84,"43,007,020",318.15,319.1999,316.04,Sell
04/18/2023,QQQ,Technology,318.86,"46,746,940",320.99,321.42,317.64,Sell
04/19/2023,QQQ,Technology,318.71,"38,960,130",316.41,319.79,316.28,Sell
04/20/2023,QQQ,Technology,316.28,"62,462,140",315.69,319.27,314.97,Sell
04/21/2023,QQQ,Technology,316.61,"59,002,290",315.91,317.4,314.1,Sell
04/24/2023,QQQ,Technology,315.95,"44,043,060",316.38,317.7391,313.74,Sell
04/25/2023,QQQ,Technology,309.99,"57,121,640",314.29,314.97,309.89,Sell
04/26/2023,QQQ,Technology,311.87,"55,400,500",313.44,314.935,311.34,Sell
04/27/2023,QQQ,Technology,320.35,"65,430,390",315.7,320.86,315.05,Sell
04/28/2023,QQQ,Technology,322.56,"59,712,640",320.11,322.65,318.96,Sell
05/01/2023,QQQ,Technology,322.19,"41,013,390",322.09,323.63,321.09,Sell
05/02/2023,QQQ,Technology,319.38,"56,519,410",322.12,322.45,317.61,Sell
05/03/2023,QQQ,Technology,317.29,"59,882,070",319.75,322.47,317.18,Sell
05/04/2023,QQQ,Technology,316.17,"50,224,520",317.06,318.23,315.115,Sell
05/05/2023,QQQ,Technology,322.89,"51,806,100",318.47,323.76,316.2116,Sell
05/08/2023,QQQ,Technology,323.69,"36,465,800",322.42,324.04,321.315,Sell
05/09/2023,QQQ,Technology,321.64,"31,768,800",322,322.88,321.32,Sell
05/10/2023,QQQ,Technology,325.14,"60,446,620",324.12,326.01,321.6,Sell
05/11/2023,QQQ,Technology,326.2,"44,278,550",325.7,326.75,324.12,Sell
05/12/2023,QQQ,Technology,325.03,"48,432,840",326.74,327.17,322.94,Sell
05/15/2023,QQQ,Technology,326.79,"33,375,560",325.51,327.03,323.96,Sell
05/16/2023,QQQ,Technology,327.16,"40,019,150",326.06,328.9025,326.02,Sell
05/17/2023,QQQ,Technology,331.12,"47,486,120",328.24,331.71,327.04,Sell
05/18/2023,QQQ,Technology,337.27,"64,213,470",331.52,337.49,331.5,Sell
05/19/2023,QQQ,Technology,336.51,"61,554,930",337.49,338.205,335.43,Sell
05/22/2023,QQQ,Technology,337.64,"43,015,950",336.25,338.67,336.24,Sell
05/23/2023,QQQ,Technology,333.36,"48,216,660",335.89,337.06,333,Sell
05/24/2023,QQQ,Technology,331.65,"62,891,170",331.37,332.905,329.56,Sell
05/25/2023,QQQ,Technology,339.72,"66,862,770",339.14,341.01,336.665,Sell
05/26/2023,QQQ,Technology,348.4,"63,006,950",340.76,349.245,340.66,Sell
05/30/2023,QQQ,Technology,349.98,"72,652,160",352.71,353.93,348.53,Sell
05/31/2023,QQQ,Technology,347.99,"65,105,380",348.37,350.6,346.51,Sell
03/21/2023,NKE,Consumer Cyclical,125.61,"15,078,780",123.5,126.06,122.97,Sell
03/22/2023,NKE,Consumer Cyclical,119.5,"17,625,500",123.66,125.26,119.33,Sell
03/23/2023,NKE,Consumer Cyclical,120.97,"7,628,073",120.47,123.27,119.47,Sell
03/24/2023,NKE,Consumer Cyclical,120.71,"6,163,391",120.23,121,119.32,Sell
03/27/2023,NKE,Consumer Cyclical,117.81,"6,564,242",121.02,121.07,117.61,Sell
03/28/2023,NKE,Consumer Cyclical,117.87,"4,461,446",117.95,118.44,116.85,Sell
03/29/2023,NKE,Consumer Cyclical,120.49,"5,644,018",118.64,120.57,118.49,Sell
03/30/2023,NKE,Consumer Cyclical,120.1,"4,578,912",121.03,121.44,119.34,Sell
03/31/2023,NKE,Consumer Cyclical,122.64,"5,659,422",120.92,122.71,120.6,Sell
04/03/2023,NKE,Consumer Cyclical,121.67,"4,838,399",122.5,122.85,120.82,Sell
04/04/2023,NKE,Consumer Cyclical,123.69,"5,895,258",121.38,123.95,121.36,Sell
04/05/2023,NKE,Consumer Cyclical,120.9,"4,331,407",123,123.33,120.56,Sell
04/06/2023,NKE,Consumer Cyclical,120.22,"4,256,901",119.51,120.49,117.85,Sell
04/10/2023,NKE,Consumer Cyclical,121.91,"3,731,236",119.3,121.91,119.13,Sell
04/11/2023,NKE,Consumer Cyclical,123.3,"4,470,956",122.04,124.08,122.04,Sell
04/12/2023,NKE,Consumer Cyclical,123.66,"4,525,132",124.76,124.86,123.22,Sell
04/13/2023,NKE,Consumer Cyclical,126.43,"5,355,297",124.64,126.67,124.46,Sell
04/14/2023,NKE,Consumer Cyclical,125.95,"4,828,882",127,127.49,125.49,Sell
04/17/2023,NKE,Consumer Cyclical,126.19,"3,917,912",126.03,126.48,125.13,Sell
04/18/2023,NKE,Consumer Cyclical,126.21,"3,857,914",127.23,127.28,125.02,Sell
04/19/2023,NKE,Consumer Cyclical,125.67,"3,547,598",126,126.08,124.92,Sell
04/20/2023,NKE,Consumer Cyclical,124.45,"3,891,706",124.8,125.35,123.71,Sell
04/21/2023,NKE,Consumer Cyclical,125.53,"3,651,389",124.4,125.68,123.62,Sell
04/24/2023,NKE,Consumer Cyclical,127.09,"3,790,923",125.51,127.13,125.15,Sell
04/25/2023,NKE,Consumer Cyclical,124.66,"4,383,342",126.53,126.77,124.05,Sell
04/26/2023,NKE,Consumer Cyclical,123.84,"4,003,190",124.21,124.98,123.29,Sell
04/27/2023,NKE,Consumer Cyclical,125.7,"4,252,135",124.44,126.01,123.14,Sell
04/28/2023,NKE,Consumer Cyclical,126.72,"4,421,419",125.15,127.07,124.96,Sell
05/01/2023,NKE,Consumer Cyclical,127.92,"4,112,782",126.92,128.68,126.86,Sell
05/02/2023,NKE,Consumer Cyclical,127.26,"3,831,644",127.15,127.58,125.17,Sell
05/03/2023,NKE,Consumer Cyclical,126.74,"4,560,081",125.49,128.38,123.67,Sell
05/04/2023,NKE,Consumer Cyclical,123.67,"6,177,127",124.94,125.19,122.82,Sell
05/05/2023,NKE,Consumer Cyclical,126.59,"4,887,759",125.93,127.03,125.22,Sell
05/08/2023,NKE,Consumer Cyclical,126.88,"3,892,645",127.26,127.69,125.98,Sell
05/09/2023,NKE,Consumer Cyclical,125.1,"4,082,170",125.27,125.66,124.17,Sell
05/10/2023,NKE,Consumer Cyclical,123.51,"5,052,636",126.29,126.46,122.17,Sell
05/11/2023,NKE,Consumer Cyclical,122.22,"5,923,069",123.45,123.86,121.9,Sell
05/12/2023,NKE,Consumer Cyclical,120.21,"6,574,233",120.99,121.2,119.03,Sell
05/15/2023,NKE,Consumer Cyclical,119.83,"5,518,188",119.82,119.99,118.01,Sell
05/16/2023,NKE,Consumer Cyclical,116.48,"8,307,929",117.5,117.84,116.12,Sell
05/17/2023,NKE,Consumer Cyclical,116.98,"7,765,386",116.38,117.13,115.25,Sell
05/18/2023,NKE,Consumer Cyclical,118.87,"5,970,500",117.43,119.15,116.85,Sell
05/19/2023,NKE,Consumer Cyclical,114.76,"11,674,270",114.56,115.49,113.1,Sell
05/22/2023,NKE,Consumer Cyclical,110.18,"12,710,290",112.85,112.85,110.02,Sell
05/23/2023,NKE,Consumer Cyclical,108.78,"11,790,410",109.77,111.06,108.19,Sell
05/24/2023,NKE,Consumer Cyclical,108.29,"8,503,192",109,109.1,107.2,Sell
05/25/2023,NKE,Consumer Cyclical,107.48,"6,729,847",108.35,108.97,107.42,Sell
05/26/2023,NKE,Consumer Cyclical,107.51,"7,911,202",107,108.45,107,Sell
05/30/2023,NKE,Consumer Cyclical,106.52,"9,335,188",108.4,108.88,106.27,Sell
05/31/2023,NKE,Consumer Cyclical,105.26,"21,465,160",105.7,106.17,104.83,Sell
03/27/2023,CAT,Industrials,218,"3,209,536",214.93,218.96,213.92,Sell
03/28/2023,CAT,Industrials,220.16,"1,801,975",218.15,220.56,217.71,Sell
03/29/2023,CAT,Industrials,223,"1,857,436",222.74,223.22,221.5,Sell
03/30/2023,CAT,Industrials,224.54,"1,921,317",225.05,226.34,223.99,Sell
03/31/2023,CAT,Industrials,228.84,"2,746,909",226.38,229.06,224.9,Sell
04/03/2023,CAT,Industrials,229.87,"2,242,533",230.01,233.85,228.86,Sell
04/04/2023,CAT,Industrials,217.45,"4,282,098",228.9,229.49,216.25,Sell
04/05/2023,CAT,Industrials,213.53,"4,265,252",216.2,217.88,211.55,Sell
04/06/2023,CAT,Industrials,209.17,"4,180,062",212.67,213,208.94,Sell
04/10/2023,CAT,Industrials,215.53,"3,838,965",210.22,216.09,209.32,Sell
04/11/2023,CAT,Industrials,220.6,"3,882,026",216.17,222.9,216.17,Sell
04/12/2023,CAT,Industrials,220.5,"2,385,141",222.15,223.22,219.89,Sell
04/13/2023,CAT,Industrials,221.67,"2,909,059",219.94,222.18,216.66,Sell
04/14/2023,CAT,Industrials,223.68,"2,246,904",222.99,225.83,221.44,Sell
04/17/2023,CAT,Industrials,225.24,"1,751,839",225.01,226.92,224.3,Sell
04/18/2023,CAT,Industrials,225.2,"2,567,096",225.56,227.5,224.06,Sell
04/19/2023,CAT,Industrials,224.65,"2,078,502",224.8,225.15,222.41,Sell
04/20/2023,CAT,Industrials,222.27,"2,826,825",222.42,224.22,220.93,Sell
04/21/2023,CAT,Industrials,220.27,"2,712,742",220.67,220.99,217.5,Sell
04/24/2023,CAT,Industrials,223.43,"2,790,653",220.53,223.69,220.53,Sell
04/25/2023,CAT,Industrials,218.63,"2,505,596",222.36,223.23,218.27,Sell
04/26/2023,CAT,Industrials,216.19,"3,254,731",217.73,220.39,216.12,Sell
04/27/2023,CAT,Industrials,214.33,"7,711,149",210.48,216.08,204.04,Sell
04/28/2023,CAT,Industrials,218.8,"4,669,549",213.24,220.56,213,Sell
05/01/2023,CAT,Industrials,217.27,"2,876,412",219.34,221.96,216.53,Sell
05/02/2023,CAT,Industrials,215.15,"2,857,991",217.11,217.11,210.59,Sell
05/03/2023,CAT,Industrials,215.64,"2,635,075",215.64,219.17,214.86,Sell
05/04/2023,CAT,Industrials,210.38,"3,211,007",216.05,216.93,209.33,Sell
05/05/2023,CAT,Industrials,215.09,"2,716,550",213.59,215.68,212.4,Sell
05/08/2023,CAT,Industrials,214.79,"2,414,108",216.44,218.11,213.63,Sell
05/09/2023,CAT,Industrials,213.49,"4,111,863",213.74,215.39,211.95,Sell
05/10/2023,CAT,Industrials,213.17,"2,446,106",215.43,215.99,210.19,Sell
05/11/2023,CAT,Industrials,210.03,"3,263,278",209,210.28,208.42,Sell
05/12/2023,CAT,Industrials,209.54,"2,172,580",211.71,212.55,207.93,Sell
05/15/2023,CAT,Industrials,211.29,"1,925,794",210.31,213.31,209.15,Sell
05/16/2023,CAT,Industrials,207.2,"2,771,733",210.05,210.27,207.05,Sell
05/17/2023,CAT,Industrials,212.1,"2,897,517",209.28,213.84,208.65,Sell
05/18/2023,CAT,Industrials,214.72,"2,643,586",211,215.66,210.23,Sell
05/19/2023,CAT,Industrials,214.78,"4,402,093",219.46,219.89,212.95,Sell
05/22/2023,CAT,Industrials,214.26,"2,540,614",214.25,217.16,211.89,Sell
05/23/2023,CAT,Industrials,212.71,"2,298,512",213.2,215.26,211.35,Sell
05/24/2023,CAT,Industrials,209.7,"2,963,968",211.81,212.48,209.22,Sell
05/25/2023,CAT,Industrials,209.98,"2,243,773",209.69,211.79,208.6,Sell
05/26/2023,CAT,Industrials,211.8,"1,973,881",211.74,213.28,210.21,Sell
05/30/2023,CAT,Industrials,209.9,"2,885,893",211.18,212.89,208.25,Sell
05/31/2023,CAT,Industrials,205.75,"5,936,977",209.13,210.78,205.6,Sell
03/27/2023,MS,Financial,84.64,"6,626,883",86.06,86.32,84.36,Buy
03/28/2023,MS,Financial,84.88,"5,210,115",84.56,85.17,83.93,Buy
03/29/2023,MS,Financial,86.24,"4,873,532",85.93,86.35,85.35,Buy
03/30/2023,MS,Financial,86.11,"4,113,653",87.26,87.61,85.46,Buy
03/31/2023,MS,Financial,87.8,"6,142,357",86.8,87.87,86.17,Buy
04/03/2023,MS,Financial,87.16,"7,728,626",87.95,88.32,86.67,Buy
04/04/2023,MS,Financial,84.82,"6,222,831",87,87.2,84.26,Buy
04/05/2023,MS,Financial,83.82,"6,045,396",83.83,84.53,83.2,Buy
04/06/2023,MS,Financial,84.19,"3,877,838",83.9,84.4,83.21,Buy
04/10/2023,MS,Financial,84,"6,186,004",83.95,84.36,83.43,Buy
04/11/2023,MS,Financial,85.09,"5,582,071",84.29,85.76,84.13,Buy
04/12/2023,MS,Financial,85.47,"4,641,952",85.51,86.02,84.79,Buy
04/13/2023,MS,Financial,85.69,"5,086,018",85.39,85.78,84.44,Buy
04/14/2023,MS,Financial,86.71,"7,865,921",86.43,87.4,86,Buy
04/17/2023,MS,Financial,89.29,"8,876,929",86.66,89.31,86.27,Buy
04/18/2023,MS,Financial,89.85,"10,227,560",89.13,90.54,88.74,Buy
04/19/2023,MS,Financial,90.45,"13,886,160",87.14,90.7,86.5,Buy
04/20/2023,MS,Financial,90.43,"6,776,077",89.85,91.82,89.72,Buy
04/21/2023,MS,Financial,91.12,"6,530,957",90.48,91.34,89.17,Buy
04/24/2023,MS,Financial,90.2,"5,004,416",91.23,91.48,89.55,Buy
04/25/2023,MS,Financial,88.06,"5,806,698",89.64,89.83,87.89,Buy
04/26/2023,MS,Financial,88.44,"6,429,111",88.15,89.79,87.91,Buy
04/27/2023,MS,Financial,90.26,"6,375,752",89.41,90.96,88.89,Buy
04/28/2023,MS,Financial,89.97,"6,374,592",89.45,90.33,89.16,Buy
05/01/2023,MS,Financial,87.93,"7,745,447",90.19,90.52,87.83,Buy
05/02/2023,MS,Financial,86.29,"6,319,059",87.57,87.57,85.33,Buy
05/03/2023,MS,Financial,84.75,"6,546,482",86.4,87.18,84.57,Buy
05/04/2023,MS,Financial,82.61,"10,359,180",84.17,84.45,81.61,Buy
05/05/2023,MS,Financial,84.88,"8,287,968",83.79,85.02,83.62,Buy
05/08/2023,MS,Financial,84.43,"5,825,326",85.48,85.57,84.32,Buy
05/09/2023,MS,Financial,84.37,"4,381,352",84,84.91,83.7,Buy
05/10/2023,MS,Financial,83.72,"4,884,945",85.07,85.22,82.8,Buy
05/11/2023,MS,Financial,82.63,"6,717,818",82.78,82.82,81.62,Buy
05/12/2023,MS,Financial,82.39,"5,208,882",83,83.27,81.67,Buy
05/15/2023,MS,Financial,82.95,"5,032,104",82.67,83.38,82.25,Buy
05/16/2023,MS,Financial,81.86,"6,866,966",82.72,83.07,81.81,Buy
05/17/2023,MS,Financial,83.91,"8,216,745",82.54,83.92,82.5,Buy
05/18/2023,MS,Financial,84.49,"5,367,747",83.7,84.55,83.02,Buy
05/19/2023,MS,Financial,82.24,"11,183,550",83.79,84.42,82.23,Buy
05/22/2023,MS,Financial,82.27,"5,519,979",82.25,83.16,81.91,Buy
05/23/2023,MS,Financial,82.64,"5,521,191",82,83.57,81.89,Buy
05/24/2023,MS,Financial,81.22,"6,827,807",82.01,82.23,80.74,Buy
05/25/2023,MS,Financial,83,"6,962,803",81.21,83.13,80.98,Buy
05/26/2023,MS,Financial,83.9,"7,411,581",82.97,84.64,82.83,Buy
05/30/2023,MS,Financial,83.42,"5,876,752",84.16,84.57,83.11,Buy
05/31/2023,MS,Financial,81.76,"9,559,219",83.06,83.28,81.13,Buy
03/27/2023,PVH,Consumer Cyclical,73.62,"2,561,270",73.7,74.48,72.39,Sell
03/28/2023,PVH,Consumer Cyclical,88.36,"4,797,521",84.9,89.12,82.4,Sell
03/29/2023,PVH,Consumer Cyclical,85.18,"2,560,404",90.55,91.07,84.15,Sell
03/30/2023,PVH,Consumer Cyclical,86.21,"1,336,074",86.74,87.79,86.05,Sell
03/31/2023,PVH,Consumer Cyclical,89.16,"1,265,014",86.75,89.26,86.6,Sell
04/03/2023,PVH,Consumer Cyclical,88.91,"1,072,115",89.51,90.23,87.79,Sell
04/04/2023,PVH,Consumer Cyclical,87.77,"753,912",90.04,90.65,87.45,Sell
04/05/2023,PVH,Consumer Cyclical,86.22,"1,094,204",86.71,87.21,84.75,Sell
04/06/2023,PVH,Consumer Cyclical,83.8,"757,204",85.61,85.83,83.13,Sell
04/10/2023,PVH,Consumer Cyclical,86.88,"965,376",83.57,87.15,83.54,Sell
04/11/2023,PVH,Consumer Cyclical,88.54,"813,686",87.12,88.85,86.77,Sell
04/12/2023,PVH,Consumer Cyclical,87.8,"850,670",89.82,89.87,87.22,Sell
04/13/2023,PVH,Consumer Cyclical,87.72,"793,520",88.49,88.49,87.47,Sell
04/14/2023,PVH,Consumer Cyclical,88.2,"1,109,141",88.82,89.92,87.58,Sell
04/17/2023,PVH,Consumer Cyclical,86.41,"886,540",87.42,88.21,85.99,Sell
04/18/2023,PVH,Consumer Cyclical,86.62,"561,634",86.46,87.65,86.46,Sell
04/19/2023,PVH,Consumer Cyclical,86.58,"482,113",86.1,87.06,85.77,Sell
04/20/2023,PVH,Consumer Cyclical,86.42,"532,382",86.55,88.47,86.25,Sell
04/21/2023,PVH,Consumer Cyclical,87,"845,306",86.37,87.23,85.37,Sell
04/24/2023,PVH,Consumer Cyclical,87.89,"909,489",86.49,88.11,86.26,Sell
04/25/2023,PVH,Consumer Cyclical,83.32,"926,450",86.21,86.9,83.31,Sell
04/26/2023,PVH,Consumer Cyclical,83.12,"834,929",83.38,83.97,82.4,Sell
04/27/2023,PVH,Consumer Cyclical,83.56,"764,469",83.6,83.72,82,Sell
04/28/2023,PVH,Consumer Cyclical,85.81,"731,739",83.1,85.99,82.87,Sell
05/01/2023,PVH,Consumer Cyclical,84.17,"705,293",85.36,86.6,83.93,Sell
05/02/2023,PVH,Consumer Cyclical,84.11,"681,358",83.56,84.15,81.87,Sell
05/03/2023,PVH,Consumer Cyclical,82.57,"906,779",83.3,84.97,82.47,Sell
05/04/2023,PVH,Consumer Cyclical,80.06,"684,007",82.85,83.15,80,Sell
05/05/2023,PVH,Consumer Cyclical,83.61,"757,185",81.72,83.65,80.85,Sell
05/08/2023,PVH,Consumer Cyclical,82.72,"445,521",84.44,84.88,82.66,Sell
05/09/2023,PVH,Consumer Cyclical,81.2,"503,408",81.63,81.75,80.49,Sell
05/10/2023,PVH,Consumer Cyclical,80.98,"619,985",82.6,82.6,79.5,Sell
05/11/2023,PVH,Consumer Cyclical,82.87,"862,384",81.38,83.67,81.31,Sell
05/12/2023,PVH,Consumer Cyclical,83.68,"869,365",83.26,84.54,82.84,Sell
05/15/2023,PVH,Consumer Cyclical,86.08,"970,165",84.37,86.6,83.74,Sell
05/16/2023,PVH,Consumer Cyclical,83.19,"727,117",84.8,85.25,83.15,Sell
05/17/2023,PVH,Consumer Cyclical,85.27,"546,707",83,85.43,82.98,Sell
05/18/2023,PVH,Consumer Cyclical,86.9,"649,637",85.41,87.49,85.23,Sell
05/19/2023,PVH,Consumer Cyclical,85.47,"1,107,678",86.26,86.61,84.03,Sell
05/22/2023,PVH,Consumer Cyclical,85.91,"570,614",85.43,86.7,84.39,Sell
05/23/2023,PVH,Consumer Cyclical,83.7,"791,988",85.25,86.21,83.56,Sell
05/24/2023,PVH,Consumer Cyclical,85.51,"1,170,353",83.6,85.71,83.15,Sell
05/25/2023,PVH,Consumer Cyclical,86.95,"1,626,518",87.47,89.32,85.51,Sell
05/26/2023,PVH,Consumer Cyclical,89.01,"685,530",86.67,89.43,86.47,Sell
05/30/2023,PVH,Consumer Cyclical,89,"1,312,324",89.5,89.7,87.77,Sell
05/31/2023,PVH,Consumer Cyclical,86.02,"2,149,157",87.58,87.94,84.92,Sell
03/27/2023,NG,Energy,2.088,"35,291",2.13,2.143,2.059,Buy
03/28/2023,NG,Energy,2.03,"41,643",2.089,2.122,1.998,Buy
03/29/2023,NG,Energy,1.991,"3,494",2.024,2.083,1.944,Buy
03/30/2023,NG,Energy,2.104,"136,575",2.183,2.19,2.08,Buy
03/31/2023,NG,Energy,2.216,"145,888",2.107,2.241,2.074,Buy
04/03/2023,NG,Energy,2.097,"155,574",2.085,2.16,2.08,Buy
04/04/2023,NG,Energy,2.106,"131,221",2.114,2.166,2.076,Buy
04/05/2023,NG,Energy,2.155,"133,151",2.096,2.197,2.065,Buy
04/06/2023,NG,Energy,2.011,"168,445",2.141,2.181,1.992,Buy
04/10/2023,NG,Energy,2.172,"207,974",2.019,2.223,2.011,Buy
04/11/2023,NG,Energy,2.186,"172,365",2.182,2.247,2.126,Buy
04/12/2023,NG,Energy,2.093,"188,248",2.221,2.229,2.069,Buy
04/13/2023,NG,Energy,2.007,"173,922",2.084,2.13,1.995,Buy
04/14/2023,NG,Energy,2.114,"165,145",2.015,2.132,1.946,Buy
04/17/2023,NG,Energy,2.275,"172,045",2.15,2.314,2.146,Buy
04/18/2023,NG,Energy,2.366,"115,407",2.29,2.385,2.229,Buy
04/19/2023,NG,Energy,2.222,"132,745",2.373,2.383,2.177,Buy
04/20/2023,NG,Energy,2.249,"104,938",2.179,2.271,2.14,Buy
04/21/2023,NG,Energy,2.233,"68,726",2.192,2.274,2.164,Buy
04/24/2023,NG,Energy,2.273,"49,636",2.22,2.286,2.181,Buy
04/25/2023,NG,Energy,2.307,"43,108",2.262,2.312,2.17,Buy
04/26/2023,NG,Energy,2.117,"2,343",2.239,2.274,2.101,Buy
04/27/2023,NG,Energy,2.355,"100,364",2.314,2.376,2.268,Buy
04/28/2023,NG,Energy,2.41,"171,856",2.358,2.529,2.285,Buy
05/01/2023,NG,Energy,2.318,"102,678",2.398,2.41,2.29,Buy
05/02/2023,NG,Energy,2.214,"118,584",2.314,2.345,2.186,Buy
05/03/2023,NG,Energy,2.17,"118,607",2.224,2.241,2.103,Buy
05/04/2023,NG,Energy,2.101,"105,496",2.157,2.189,2.081,Buy
05/05/2023,NG,Energy,2.137,"109,265",2.086,2.167,2.031,Buy
05/08/2023,NG,Energy,2.238,"115,080",2.148,2.255,2.14,Buy
05/09/2023,NG,Energy,2.267,"119,512",2.249,2.297,2.184,Buy
05/10/2023,NG,Energy,2.191,"116,912",2.262,2.265,2.16,Buy
05/11/2023,NG,Energy,2.19,"112,517",2.182,2.255,2.165,Buy
05/12/2023,NG,Energy,2.266,"142,056",2.191,2.335,2.147,Buy
05/15/2023,NG,Energy,2.375,"125,679",2.265,2.384,2.25,Buy
05/16/2023,NG,Energy,2.376,"121,942",2.373,2.47,2.341,Buy
05/17/2023,NG,Energy,2.365,"121,148",2.362,2.435,2.322,Buy
05/18/2023,NG,Energy,2.592,"179,709",2.38,2.634,2.352,Buy
05/19/2023,NG,Energy,2.585,"149,652",2.615,2.685,2.557,Buy
05/22/2023,NG,Energy,2.4,"104,135",2.568,2.569,2.367,Buy
05/23/2023,NG,Energy,2.321,"51,939",2.4,2.407,2.318,Buy
05/24/2023,NG,Energy,2.398,"29,535",2.347,2.415,2.317,Buy
05/25/2023,NG,Energy,2.307,"37,474",2.413,2.441,2.258,Buy
05/26/2023,NG,Energy,2.181,"2,173",2.292,2.298,2.143,Buy
05/30/2023,NG,Energy,2.327,"161,771",2.417,2.448,2.257,Buy
05/31/2023,NG,Energy,2.266,"140,531",2.32,2.41,2.247,Buy
03/28/2023,LULU,Consumer Cyclical,320.31,"5,869,040",319.61,321.25,314.22,Sell
03/29/2023,LULU,Consumer Cyclical,361.04,"11,502,030",366.25,370.25,359.64,Sell
03/30/2023,LULU,Consumer Cyclical,358.09,"2,864,916",365,368.14,356.5,Sell
03/31/2023,LULU,Consumer Cyclical,364.19,"2,218,001",360.05,364.49,357.73,Sell
04/03/2023,LULU,Consumer Cyclical,367.4,"1,655,588",364.19,367.52,361.74,Sell
04/04/2023,LULU,Consumer Cyclical,366.8,"1,682,165",366.59,370.26,364.8,Sell
04/05/2023,LULU,Consumer Cyclical,364.81,"1,437,925",367.64,371.26,362.76,Sell
04/06/2023,LULU,Consumer Cyclical,364.33,"1,321,956",362.22,365.59,359.64,Sell
04/10/2023,LULU,Consumer Cyclical,363.37,"972,177",361.47,364.67,361.17,Sell
04/11/2023,LULU,Consumer Cyclical,365.81,"1,329,471",362.75,368.94,361.8,Sell
04/12/2023,LULU,Consumer Cyclical,363.54,"1,093,041",370,370,363.11,Sell
04/13/2023,LULU,Consumer Cyclical,364.38,"1,202,373",365.87,366.86,363.5,Sell
04/14/2023,LULU,Consumer Cyclical,368.25,"1,030,800",364,369.14,363.86,Sell
04/17/2023,LULU,Consumer Cyclical,368.38,"1,820,127",369.99,373.41,366.99,Sell
04/18/2023,LULU,Consumer Cyclical,372.5,"1,406,994",372.1,373.5,369.53,Sell
04/19/2023,LULU,Consumer Cyclical,370.12,"878,796",371.75,374.06,369.85,Sell
04/20/2023,LULU,Consumer Cyclical,376.71,"1,403,987",369.53,377.84,369.07,Sell
04/21/2023,LULU,Consumer Cyclical,377.8,"1,007,712",376.71,378.09,374.28,Sell
04/24/2023,LULU,Consumer Cyclical,381.37,"1,503,966",378.76,384.25,377.83,Sell
04/25/2023,LULU,Consumer Cyclical,372.81,"1,784,260",378.22,380.39,372.26,Sell
04/26/2023,LULU,Consumer Cyclical,372.94,"1,019,650",373.78,375.21,371.86,Sell
04/27/2023,LULU,Consumer Cyclical,378.08,"1,045,077",376.34,379.15,373.32,Sell
04/28/2023,LULU,Consumer Cyclical,379.93,"1,013,613",377.16,380.33,375.91,Sell
05/01/2023,LULU,Consumer Cyclical,384.99,"1,302,280",380.58,385.44,380.21,Sell
05/02/2023,LULU,Consumer Cyclical,380.75,"1,229,386",383.18,383.8,378.25,Sell
05/03/2023,LULU,Consumer Cyclical,383.12,"1,279,595",381.53,387.68,378.38,Sell
05/04/2023,LULU,Consumer Cyclical,382.06,"1,481,840",383.12,384.73,381.02,Sell
05/05/2023,LULU,Consumer Cyclical,386.71,"1,318,142",385.33,389.06,382.63,Sell
05/08/2023,LULU,Consumer Cyclical,381.86,"1,130,902",387.99,388.99,380.92,Sell
05/09/2023,LULU,Consumer Cyclical,381.44,"1,004,957",377.11,383.37,375.93,Sell
05/10/2023,LULU,Consumer Cyclical,379.32,"1,027,058",385.36,385.36,377.72,Sell
05/11/2023,LULU,Consumer Cyclical,377.32,"775,898",378.75,379.66,376.05,Sell
05/12/2023,LULU,Consumer Cyclical,376.2,"1,044,546",377.01,378.43,372.5,Sell
05/15/2023,LULU,Consumer Cyclical,375.71,"1,298,222",376.6,378,373.71,Sell
05/16/2023,LULU,Consumer Cyclical,371.52,"1,509,239",372.16,372.88,367.55,Sell
05/17/2023,LULU,Consumer Cyclical,372.22,"1,377,413",371.3,373.24,367.35,Sell
05/18/2023,LULU,Consumer Cyclical,378.7,"1,223,070",371.9,379.35,371.15,Sell
05/19/2023,LULU,Consumer Cyclical,368.53,"1,566,710",375.21,375.21,365.11,Sell
05/22/2023,LULU,Consumer Cyclical,363.12,"1,830,750",366.93,367.84,356.65,Sell
05/23/2023,LULU,Consumer Cyclical,353.86,"1,589,003",362.4,362.99,352.45,Sell
05/24/2023,LULU,Consumer Cyclical,344.58,"2,117,607",353.86,353.97,343.42,Sell
05/25/2023,LULU,Consumer Cyclical,342.34,"1,415,193",343.09,346.53,340.95,Sell
05/26/2023,LULU,Consumer Cyclical,340.26,"1,789,771",342.34,344.39,339.49,Sell
05/30/2023,LULU,Consumer Cyclical,336.64,"2,531,661",341.02,343.38,335.35,Sell
05/31/2023,LULU,Consumer Cyclical,331.93,"3,735,237",335.39,335.99,329.12,Sell
03/29/2023,FL,Consumer Cyclical,39.98,"4,644,472",39.54,40.11,39.3,Sell
03/30/2023,FL,Consumer Cyclical,39.48,"4,318,558",40.39,41.07,38.86,Sell
03/31/2023,FL,Consumer Cyclical,39.69,"3,258,940",39.7,40.1,39.31,Sell
04/03/2023,FL,Consumer Cyclical,41.42,"3,964,043",39.95,41.47,39.51,Sell
04/04/2023,FL,Consumer Cyclical,41.25,"2,134,533",41.87,42.06,40.59,Sell
04/05/2023,FL,Consumer Cyclical,40.72,"2,298,931",41.12,41.33,40.53,Sell
04/06/2023,FL,Consumer Cyclical,40.43,"1,683,040",40.26,40.9,39.94,Sell
04/10/2023,FL,Consumer Cyclical,40.54,"2,469,311",40.21,41.46,40.21,Sell
04/11/2023,FL,Consumer Cyclical,41.22,"1,791,683",40.78,41.54,40.67,Sell
04/12/2023,FL,Consumer Cyclical,40.23,"1,902,889",41.42,41.94,40.17,Sell
04/13/2023,FL,Consumer Cyclical,39.68,"1,886,187",39.6,40.06,39.05,Sell
04/14/2023,FL,Consumer Cyclical,39.8,"1,348,692",39.8,40.61,39.29,Sell
04/17/2023,FL,Consumer Cyclical,40.54,"1,846,120",39.84,40.61,39.7,Sell
04/18/2023,FL,Consumer Cyclical,41.24,"1,478,987",40.57,41.53,40.39,Sell
04/19/2023,FL,Consumer Cyclical,41.34,"1,585,277",41.08,41.43,40.42,Sell
04/20/2023,FL,Consumer Cyclical,41.75,"1,707,153",41.14,42.14,41.1,Sell
04/21/2023,FL,Consumer Cyclical,41.18,"1,303,491",41.71,41.8,41.14,Sell
04/24/2023,FL,Consumer Cyclical,41.9,"2,335,066",41.1,41.92,40.36,Sell
04/25/2023,FL,Consumer Cyclical,40.69,"1,374,875",41.5,41.66,40.45,Sell
04/26/2023,FL,Consumer Cyclical,41.22,"1,334,426",41.17,41.69,40.9,Sell
04/27/2023,FL,Consumer Cyclical,41.79,"965,466",41.5,41.81,40.58,Sell
04/28/2023,FL,Consumer Cyclical,41.99,"1,347,665",41.76,42.3,41.62,Sell
05/01/2023,FL,Consumer Cyclical,42.09,"1,563,276",42.11,42.79,41.7,Sell
05/02/2023,FL,Consumer Cyclical,40.88,"2,218,589",41.58,41.58,39.73,Sell
05/03/2023,FL,Consumer Cyclical,40.73,"1,243,626",40.88,41.83,40.61,Sell
05/04/2023,FL,Consumer Cyclical,39.37,"2,175,314",40.4,40.5,38.94,Sell
05/05/2023,FL,Consumer Cyclical,41.08,"1,323,193",40.2,41.44,40.05,Sell
05/08/2023,FL,Consumer Cyclical,39.87,"1,965,898",41.1,41.22,39.84,Sell
05/09/2023,FL,Consumer Cyclical,39.93,"3,929,592",39.58,40.18,38.57,Sell
05/10/2023,FL,Consumer Cyclical,38.84,"2,152,159",40.44,40.49,38.17,Sell
05/11/2023,FL,Consumer Cyclical,38.63,"1,297,285",38.7,39.21,38.31,Sell
05/12/2023,FL,Consumer Cyclical,39.23,"1,387,843",38.86,39.25,38.28,Sell
05/15/2023,FL,Consumer Cyclical,40,"2,148,728",39.31,40.23,39.2,Sell
05/16/2023,FL,Consumer Cyclical,39.1,"2,532,853",39.59,39.97,39.09,Sell
05/17/2023,FL,Consumer Cyclical,41.56,"3,297,184",39.4,41.58,39,Sell
05/18/2023,FL,Consumer Cyclical,41.52,"4,900,492",41.59,42.19,40.67,Sell
05/19/2023,FL,Consumer Cyclical,30.21,"41,274,480",30.65,31.96,29.88,Sell
05/22/2023,FL,Consumer Cyclical,27.63,"19,391,160",29.15,29.7,27.26,Sell
05/23/2023,FL,Consumer Cyclical,27.11,"9,605,450",27.42,28.58,27.05,Sell
05/24/2023,FL,Consumer Cyclical,26.16,"6,919,433",27.23,27.69,26.12,Sell
05/25/2023,FL,Consumer Cyclical,25.82,"5,461,549",25.84,26.25,25.38,Sell
05/26/2023,FL,Consumer Cyclical,26.27,"3,453,835",25.66,26.52,25.57,Sell
05/30/2023,FL,Consumer Cyclical,26.03,"3,428,424",26.39,26.53,25.67,Sell
05/31/2023,FL,Consumer Cyclical,25.32,"3,544,244",25.75,25.96,25.19,Sell
03/29/2023,PARA,Communication Services,21.51,"8,438,670",21.77,21.81,21.09,Sell
03/30/2023,PARA,Communication Services,21.71,"5,987,291",21.7,21.83,21.54,Sell
03/31/2023,PARA,Communication Services,22.31,"9,649,699",21.84,22.35,21.75,Sell
04/03/2023,PARA,Communication Services,21.79,"11,501,150",22.37,22.44,21.59,Sell
04/04/2023,PARA,Communication Services,21.61,"9,940,259",21.84,21.96,21.41,Sell
04/05/2023,PARA,Communication Services,21,"10,836,370",21.32,21.4,20.9,Sell
04/06/2023,PARA,Communication Services,21.66,"8,478,008",20.96,21.77,20.72,Sell
04/10/2023,PARA,Communication Services,22.3,"7,207,981",21.5,22.39,21.4,Sell
04/11/2023,PARA,Communication Services,22.88,"13,385,940",22.45,23.47,22.41,Sell
04/12/2023,PARA,Communication Services,22.13,"10,768,860",23.21,23.32,22.09,Sell
04/13/2023,PARA,Communication Services,22.14,"9,708,535",22.08,22.44,21.96,Sell
04/14/2023,PARA,Communication Services,21.58,"8,089,168",22.11,22.22,21.25,Sell
04/17/2023,PARA,Communication Services,22.08,"6,431,865",21.7,22.19,21.58,Sell
04/18/2023,PARA,Communication Services,21.82,"5,583,121",22.11,22.22,21.65,Sell
04/19/2023,PARA,Communication Services,22.56,"10,613,450",21.55,22.78,21.36,Sell
04/20/2023,PARA,Communication Services,22.15,"8,104,275",22.13,22.47,22,Sell
04/21/2023,PARA,Communication Services,22.53,"7,918,682",22.15,22.57,21.87,Sell
04/24/2023,PARA,Communication Services,22.58,"8,892,848",22.57,22.82,22.18,Sell
04/25/2023,PARA,Communication Services,21.97,"9,405,921",22.33,22.45,21.87,Sell
04/26/2023,PARA,Communication Services,21.65,"5,663,986",22.09,22.27,21.62,Sell
04/27/2023,PARA,Communication Services,23.08,"11,427,260",21.99,23.19,21.84,Sell
04/28/2023,PARA,Communication Services,23.33,"9,519,107",22.99,23.6,22.64,Sell
05/01/2023,PARA,Communication Services,23.44,"9,924,377",23.35,24,23.25,Sell
05/02/2023,PARA,Communication Services,22.99,"11,174,550",23.17,23.25,22.7,Sell
05/03/2023,PARA,Communication Services,22.89,"11,985,950",22.97,23.46,22.78,Sell
05/04/2023,PARA,Communication Services,16.4,"72,171,020",18.91,19.04,16.39,Sell
05/05/2023,PARA,Communication Services,16.86,"52,342,110",16.98,17.35,15.78,Sell
05/08/2023,PARA,Communication Services,16.99,"18,853,400",16.97,17.1,16.29,Sell
05/09/2023,PARA,Communication Services,16.53,"14,977,660",16.8,17.1,16.49,Sell
05/10/2023,PARA,Communication Services,15.85,"18,320,730",16.6,16.64,15.56,Sell
05/11/2023,PARA,Communication Services,15.37,"19,051,650",15.6,15.67,15.16,Sell
05/12/2023,PARA,Communication Services,15.02,"14,403,630",15.35,15.5,14.92,Sell
05/15/2023,PARA,Communication Services,15.81,"14,599,730",15.2,15.81,15,Sell
05/16/2023,PARA,Communication Services,14.95,"16,927,590",15.72,15.72,14.93,Sell
05/17/2023,PARA,Communication Services,15.57,"15,776,240",15.06,15.69,14.88,Sell
05/18/2023,PARA,Communication Services,15.71,"17,445,700",15.66,16.12,15.45,Sell
05/19/2023,PARA,Communication Services,15.17,"11,065,670",15.69,15.73,15.13,Sell
05/22/2023,PARA,Communication Services,14.99,"18,178,410",15.19,15.22,14.76,Sell
05/23/2023,PARA,Communication Services,14.92,"19,687,420",15.04,15.54,14.89,Sell
05/24/2023,PARA,Communication Services,14.64,"24,032,080",14.69,14.81,14.34,Sell
05/25/2023,PARA,Communication Services,14.08,"28,822,740",14.46,14.54,13.8,Sell
05/26/2023,PARA,Communication Services,14.91,"26,299,820",15.13,15.18,14.6,Sell
05/30/2023,PARA,Communication Services,15.86,"26,061,510",15.16,15.92,15.08,Sell
05/31/2023,PARA,Communication Services,15.21,"46,194,230",15.77,15.77,15.2,Sell
04/03/2023,LCID,Consumer Cyclical,7.9,"12,010,140",7.95,8.06,7.65,Buy
04/04/2023,LCID,Consumer Cyclical,7.9,"11,125,780",7.93,8,7.65,Buy
04/05/2023,LCID,Consumer Cyclical,7.7,"10,999,820",7.78,7.79,7.52,Buy
04/06/2023,LCID,Consumer Cyclical,7.7,"8,154,591",7.63,7.87,7.48,Buy
04/10/2023,LCID,Consumer Cyclical,8.03,"11,520,890",7.6,8.07,7.43,Buy
04/11/2023,LCID,Consumer Cyclical,8.46,"20,643,700",8.08,8.69,8.06,Buy
04/12/2023,LCID,Consumer Cyclical,8.13,"14,102,280",8.64,8.87,8.06,Buy
04/13/2023,LCID,Consumer Cyclical,8.25,"10,570,560",8.17,8.38,8.16,Buy
04/14/2023,LCID,Consumer Cyclical,7.73,"30,486,230",7.67,7.77,7.45,Buy
04/17/2023,LCID,Consumer Cyclical,7.95,"13,650,510",7.73,7.97,7.59,Buy
04/18/2023,LCID,Consumer Cyclical,7.83,"10,167,370",8.02,8.08,7.75,Buy
04/19/2023,LCID,Consumer Cyclical,7.62,"16,219,460",7.65,7.7,7.48,Buy
04/20/2023,LCID,Consumer Cyclical,7.07,"22,642,290",7.33,7.53,7.03,Buy
04/21/2023,LCID,Consumer Cyclical,7.03,"13,171,860",7.13,7.13,6.86,Buy
04/24/2023,LCID,Consumer Cyclical,7,"10,872,320",7.04,7.22,6.96,Buy
04/25/2023,LCID,Consumer Cyclical,6.74,"17,767,670",6.91,6.96,6.64,Buy
04/26/2023,LCID,Consumer Cyclical,7.22,"33,362,520",6.84,7.84,6.73,Buy
04/27/2023,LCID,Consumer Cyclical,8.17,"33,947,140",7.34,8.28,7.33,Buy
04/28/2023,LCID,Consumer Cyclical,7.94,"15,816,380",7.95,8.07,7.75,Buy
05/01/2023,LCID,Consumer Cyclical,7.32,"15,072,520",7.94,7.94,7.29,Buy
05/02/2023,LCID,Consumer Cyclical,7.27,"13,079,610",7.36,7.43,7.1,Buy
05/03/2023,LCID,Consumer Cyclical,7.41,"12,392,100",7.27,7.65,7.21,Buy
05/04/2023,LCID,Consumer Cyclical,7.38,"9,703,702",7.47,7.54,7.26,Buy
05/05/2023,LCID,Consumer Cyclical,7.73,"16,529,200",7.5,7.82,7.46,Buy
05/08/2023,LCID,Consumer Cyclical,7.71,"29,869,420",7.75,7.8,7.26,Buy
05/09/2023,LCID,Consumer Cyclical,7.28,"29,222,520",6.91,7.35,6.85,Buy
05/10/2023,LCID,Consumer Cyclical,7.16,"18,580,450",7.37,7.46,7.15,Buy
05/11/2023,LCID,Consumer Cyclical,7.06,"15,402,340",7.16,7.29,6.95,Buy
05/12/2023,LCID,Consumer Cyclical,7.04,"14,059,390",7.09,7.18,6.89,Buy
05/15/2023,LCID,Consumer Cyclical,7.17,"11,608,800",7.08,7.19,6.95,Buy
05/16/2023,LCID,Consumer Cyclical,6.98,"11,197,060",7.1,7.18,6.97,Buy
05/17/2023,LCID,Consumer Cyclical,7.23,"12,650,940",7.03,7.24,6.93,Buy
05/18/2023,LCID,Consumer Cyclical,7.29,"10,090,260",7.17,7.29,7.11,Buy
05/19/2023,LCID,Consumer Cyclical,7.18,"14,377,180",7.28,7.51,7.13,Buy
05/22/2023,LCID,Consumer Cyclical,7.65,"17,459,580",7.2,7.76,7.07,Buy
05/23/2023,LCID,Consumer Cyclical,7.55,"14,970,190",7.52,7.94,7.5,Buy
05/24/2023,LCID,Consumer Cyclical,7.49,"8,218,913",7.46,7.54,7.3,Buy
05/25/2023,LCID,Consumer Cyclical,7.61,"11,171,050",7.46,7.67,7.38,Buy
05/26/2023,LCID,Consumer Cyclical,7.87,"14,524,840",7.59,7.99,7.52,Buy
05/30/2023,LCID,Consumer Cyclical,7.71,"13,985,950",7.95,8.1,7.63,Buy
05/31/2023,LCID,Consumer Cyclical,7.76,"32,478,060",7.67,7.81,7.49,Buy
04/06/2023,COST,Consumer Cyclical,485.98,"4,114,702",482,487.85,477.5,Sell
04/10/2023,COST,Consumer Cyclical,493.83,"1,653,593",483.9,493.9,481.66,Sell
04/11/2023,COST,Consumer Cyclical,498.65,"1,547,381",493.83,499.99,493,Sell
04/12/2023,COST,Consumer Cyclical,489.35,"2,063,696",500,500.05,488.54,Sell
04/13/2023,COST,Consumer Cyclical,497.89,"1,600,513",493.49,498.44,490.31,Sell
04/14/2023,COST,Consumer Cyclical,491.3,"1,675,297",496.19,500.37,490.16,Sell
04/17/2023,COST,Consumer Cyclical,493.94,"1,411,760",492.77,497.89,491.15,Sell
04/18/2023,COST,Consumer Cyclical,496.9,"1,339,585",496.1,497.63,494.12,Sell
04/19/2023,COST,Consumer Cyclical,496.03,"1,098,758",497.13,497.99,493.83,Sell
04/20/2023,COST,Consumer Cyclical,505.58,"2,936,493",495.75,510.66,495.51,Sell
04/21/2023,COST,Consumer Cyclical,506.35,"1,508,643",509.37,510.64,505.46,Sell
04/24/2023,COST,Consumer Cyclical,511.42,"1,374,117",506.1,511.69,505.81,Sell
04/25/2023,COST,Consumer Cyclical,503.17,"1,789,883",511.13,513.13,502.26,Sell
04/26/2023,COST,Consumer Cyclical,494.66,"1,441,855",500.42,502.87,493.39,Sell
04/27/2023,COST,Consumer Cyclical,501.27,"1,361,583",494.83,502.26,494.83,Sell
04/28/2023,COST,Consumer Cyclical,503.22,"1,170,249",501.56,504.83,500.64,Sell
05/01/2023,COST,Consumer Cyclical,493.59,"2,203,182",499.15,500.05,488.8,Sell
05/02/2023,COST,Consumer Cyclical,494.81,"1,940,805",495,495.68,489.81,Sell
05/03/2023,COST,Consumer Cyclical,490.06,"1,426,432",496.6,498.78,489.66,Sell
05/04/2023,COST,Consumer Cyclical,490.34,"1,487,048",488.94,490.91,485.93,Sell
05/05/2023,COST,Consumer Cyclical,499.06,"1,709,239",493.2,499.4,492.98,Sell
05/08/2023,COST,Consumer Cyclical,499.06,"1,015,210",497.37,500.25,495.7,Sell
05/09/2023,COST,Consumer Cyclical,500.79,"1,571,815",496.96,501.74,496.39,Sell
05/10/2023,COST,Consumer Cyclical,499.66,"1,257,622",501.95,504.97,495.1,Sell
05/11/2023,COST,Consumer Cyclical,501.89,"1,046,730",499.51,503,497.55,Sell
05/12/2023,COST,Consumer Cyclical,504.07,"1,472,794",503.17,506.03,501.2,Sell
05/15/2023,COST,Consumer Cyclical,502.04,"1,135,682",504.01,505,498.86,Sell
05/16/2023,COST,Consumer Cyclical,496.15,"1,230,357",500,500.29,494.3,Sell
05/17/2023,COST,Consumer Cyclical,495,"2,069,473",498,498.01,491.9,Sell
05/18/2023,COST,Consumer Cyclical,498.1,"2,298,859",495,498.6,494.08,Sell
05/19/2023,COST,Consumer Cyclical,496.52,"1,635,036",499.39,499.39,493.92,Sell
05/22/2023,COST,Consumer Cyclical,491.87,"1,943,758",497,497,488.54,Sell
05/23/2023,COST,Consumer Cyclical,484.87,"1,800,161",487.17,487.17,482.97,Sell
05/24/2023,COST,Consumer Cyclical,482.76,"1,600,596",487.25,487.25,480.91,Sell
05/25/2023,COST,Consumer Cyclical,486.55,"3,421,937",480.21,488.54,476.75,Sell
05/26/2023,COST,Consumer Cyclical,507.26,"5,302,638",485.65,510.75,484.12,Sell
05/30/2023,COST,Consumer Cyclical,508.03,"2,544,804",509.79,514.8,501.59,Sell
05/31/2023,COST,Consumer Cyclical,511.56,"3,320,765",508.86,513.87,504.95,Sell
04/13/2023,BA,Industrials,213.59,"4,501,594",213,213.68,211.5,Sell
04/14/2023,BA,Industrials,201.71,"19,066,480",202.59,204.28,198.15,Sell
04/17/2023,BA,Industrials,205.03,"6,306,803",202,206.1,200.8,Sell
04/18/2023,BA,Industrials,208.37,"7,445,759",205.5,208.94,203.72,Sell
04/19/2023,BA,Industrials,208.71,"4,757,402",207.12,210.87,206.94,Sell
04/20/2023,BA,Industrials,207.23,"3,322,910",207.42,209.88,206.08,Sell
04/21/2023,BA,Industrials,205.15,"3,432,331",208,208.38,204.18,Sell
04/24/2023,BA,Industrials,205.77,"3,058,925",204.87,206.5,203.25,Sell
04/25/2023,BA,Industrials,202.19,"4,699,498",204.54,204.94,201.12,Sell
04/26/2023,BA,Industrials,203.03,"9,137,206",208.25,211.7,202.68,Sell
04/27/2023,BA,Industrials,206.04,"5,105,173",204.65,209.09,203.53,Sell
04/28/2023,BA,Industrials,206.78,"3,716,063",204.51,206.95,202.9,Sell
05/01/2023,BA,Industrials,203.87,"3,776,842",206.25,208.52,203.62,Sell
05/02/2023,BA,Industrials,203.25,"3,970,843",203,204.19,200.09,Sell
05/03/2023,BA,Industrials,200.93,"4,537,939",204.36,206.1,200.55,Sell
05/04/2023,BA,Industrials,197.05,"6,934,072",200.65,201.25,193.27,Sell
05/05/2023,BA,Industrials,198.34,"3,872,233",198.09,199.04,196.76,Sell
05/08/2023,BA,Industrials,197.26,"4,677,387",199.16,199.66,196.4,Sell
05/09/2023,BA,Industrials,201.88,"9,329,516",201.21,204.61,198.78,Sell
05/10/2023,BA,Industrials,200.84,"3,923,706",203.14,203.2,198.25,Sell
05/11/2023,BA,Industrials,201.84,"3,322,037",199.39,202.55,198.07,Sell
05/12/2023,BA,Industrials,200.7,"3,169,771",201.84,203.11,198.82,Sell
05/15/2023,BA,Industrials,202.77,"2,842,669",200.01,203.32,198.65,Sell
05/16/2023,BA,Industrials,200.87,"3,013,181",201.82,202.36,199.94,Sell
05/17/2023,BA,Industrials,206.87,"6,641,940",202.71,208.58,202.71,Sell
05/18/2023,BA,Industrials,207.24,"4,349,708",206.45,208.17,204.01,Sell
05/19/2023,BA,Industrials,205.49,"3,896,195",208.11,208.37,204.63,Sell
05/22/2023,BA,Industrials,205.91,"3,094,296",205.51,206.98,203.9,Sell
05/23/2023,BA,Industrials,202.6,"4,011,110",204.58,207.49,202.45,Sell
05/24/2023,BA,Industrials,199.27,"4,371,635",201.32,201.32,197.5,Sell
05/25/2023,BA,Industrials,200.87,"3,909,225",199.99,201.75,196.6,Sell
05/26/2023,BA,Industrials,203.63,"3,820,301",201.6,204.8,201.18,Sell
05/30/2023,BA,Industrials,204.69,"3,978,166",204.09,207.8,203.31,Sell
05/31/2023,BA,Industrials,205.7,"5,461,557",203.5,206.19,200.91,Sell
04/17/2023,MCD,Consumer Cyclical,289.31,"2,370,988",289.84,290.51,288.18,Sell
04/18/2023,MCD,Consumer Cyclical,290.91,"2,086,719",289.4,291.19,289,Sell
04/19/2023,MCD,Consumer Cyclical,291.27,"2,254,075",290.91,291.6,290.19,Sell
04/20/2023,MCD,Consumer Cyclical,291,"2,274,152",290.96,291.67,289.88,Sell
04/21/2023,MCD,Consumer Cyclical,292.06,"2,171,180",292.32,292.53,290.51,Sell
04/24/2023,MCD,Consumer Cyclical,293.2,"2,995,244",292.83,293.43,291.71,Sell
04/25/2023,MCD,Consumer Cyclical,291.51,"5,845,217",295,295,289.43,Sell
04/26/2023,MCD,Consumer Cyclical,289.76,"3,289,959",289.98,291.5,289.76,Sell
04/27/2023,MCD,Consumer Cyclical,294.72,"3,142,286",290.72,295.05,290,Sell
04/28/2023,MCD,Consumer Cyclical,295.75,"2,838,198",294.83,296.18,293.91,Sell
05/01/2023,MCD,Consumer Cyclical,297.58,"2,124,401",295.72,298.8,295.65,Sell
05/02/2023,MCD,Consumer Cyclical,298.07,"2,083,769",297.37,298.46,295.58,Sell
05/03/2023,MCD,Consumer Cyclical,295.22,"2,425,452",296.76,297.26,294.65,Sell
05/04/2023,MCD,Consumer Cyclical,295.16,"2,005,472",296.06,296.31,293.47,Sell
05/05/2023,MCD,Consumer Cyclical,296.6,"1,815,841",295.77,297.02,294.46,Sell
05/08/2023,MCD,Consumer Cyclical,296.69,"2,969,801",297.1,297.37,295.57,Sell
05/09/2023,MCD,Consumer Cyclical,296.66,"1,637,587",298.63,298.86,296.3,Sell
05/10/2023,MCD,Consumer Cyclical,296.57,"1,849,297",296.38,298,293.84,Sell
05/11/2023,MCD,Consumer Cyclical,294.79,"1,955,152",296.5,296.94,293.36,Sell
05/12/2023,MCD,Consumer Cyclical,296.14,"1,801,866",295.19,296.43,294.31,Sell
05/15/2023,MCD,Consumer Cyclical,295.9,"1,700,450",295.77,296.64,294.66,Sell
05/16/2023,MCD,Consumer Cyclical,294.15,"2,859,744",295.94,296.19,293.98,Sell
05/17/2023,MCD,Consumer Cyclical,293.46,"2,802,296",295.52,295.52,292.65,Sell
05/18/2023,MCD,Consumer Cyclical,294.05,"2,410,912",293.25,294.43,291.13,Sell
05/19/2023,MCD,Consumer Cyclical,295.55,"2,371,249",293.84,296,292.47,Sell
05/22/2023,MCD,Consumer Cyclical,289.35,"2,514,744",295.55,296.64,289.14,Sell
05/23/2023,MCD,Consumer Cyclical,286.37,"2,943,889",288.15,288.5,285.44,Sell
05/24/2023,MCD,Consumer Cyclical,285.92,"2,262,065",286.45,287.12,284.58,Sell
05/25/2023,MCD,Consumer Cyclical,285.52,"2,748,258",286.79,286.91,284.71,Sell
05/26/2023,MCD,Consumer Cyclical,286.04,"2,148,422",285.68,288.75,285.68,Sell
05/30/2023,MCD,Consumer Cyclical,284.92,"3,385,240",283.93,286.35,283.68,Sell
05/31/2023,MCD,Consumer Cyclical,285.11,"3,104,929",284.88,285.7,283.35,Sell
04/17/2023,RBLX,Technology,40.21,"33,375,300",40.04,41,39.1,Buy
04/18/2023,RBLX,Technology,40.81,"11,294,600",40.51,41.09,39.89,Buy
04/19/2023,RBLX,Technology,41.09,"8,712,275",40.4,41.58,40.02,Buy
04/20/2023,RBLX,Technology,41.31,"9,667,609",40.5,41.99,40.48,Buy
04/21/2023,RBLX,Technology,40.7,"7,482,025",41.2,41.81,40.62,Buy
04/24/2023,RBLX,Technology,39.06,"11,190,850",40.39,40.79,38.51,Buy
04/25/2023,RBLX,Technology,37.57,"8,867,590",38.61,38.97,37.44,Buy
04/26/2023,RBLX,Technology,35.76,"10,959,510",38,38.03,35.49,Buy
04/27/2023,RBLX,Technology,35.54,"8,534,764",36.28,36.36,35.16,Buy
04/28/2023,RBLX,Technology,35.6,"6,750,192",35.05,35.74,34.52,Buy
05/01/2023,RBLX,Technology,36,"6,996,560",35.51,36.51,35.33,Buy
05/02/2023,RBLX,Technology,34.45,"7,173,397",35.79,35.79,34.38,Buy
05/03/2023,RBLX,Technology,34.23,"6,598,748",34.55,35.31,34.1,Buy
05/04/2023,RBLX,Technology,34.48,"6,307,959",34.28,34.61,33.7,Buy
05/05/2023,RBLX,Technology,35.05,"5,396,044",35.14,35.23,34.51,Buy
05/08/2023,RBLX,Technology,36.28,"9,509,318",36.14,37.07,35.76,Buy
05/09/2023,RBLX,Technology,36.19,"12,307,910",35.72,36.77,35.7,Buy
05/10/2023,RBLX,Technology,38.87,"26,827,910",37.33,39.77,36.11,Buy
05/11/2023,RBLX,Technology,39.88,"14,781,230",40.52,41.62,39.55,Buy
05/12/2023,RBLX,Technology,39.36,"8,571,417",39.41,40.23,38.58,Buy
05/15/2023,RBLX,Technology,38.97,"7,637,609",39.17,39.17,37.95,Buy
05/16/2023,RBLX,Technology,39.25,"6,918,088",38.9,39.67,38.14,Buy
05/17/2023,RBLX,Technology,41.83,"12,554,970",39.89,42.18,39.66,Buy
05/18/2023,RBLX,Technology,42.07,"8,249,574",41.97,42.68,41.39,Buy
05/19/2023,RBLX,Technology,40.01,"10,977,260",40.98,41.04,39.22,Buy
05/22/2023,RBLX,Technology,39.49,"9,733,088",40.38,40.66,39.23,Buy
05/23/2023,RBLX,Technology,39.66,"7,681,010",39.17,40.92,39.17,Buy
05/24/2023,RBLX,Technology,40.51,"6,601,889",38.76,40.62,38.66,Buy
05/25/2023,RBLX,Technology,39.51,"5,852,087",40.79,40.88,39.03,Buy
05/26/2023,RBLX,Technology,40.12,"4,402,852",39.4,40.5,39.38,Buy
05/30/2023,RBLX,Technology,39.59,"6,908,614",40.38,40.95,39.3,Buy
05/31/2023,RBLX,Technology,41.86,"12,351,550",39.34,42,39.25,Buy
04/20/2023,NUE,Industrials,155.73,"3,801,343",150.5,158.35,149.51,Sell
04/21/2023,NUE,Industrials,153.45,"2,478,418",154.62,155.02,150.36,Sell
04/24/2023,NUE,Industrials,155.04,"1,584,726",152.57,155.41,152.15,Sell
04/25/2023,NUE,Industrials,147.95,"1,744,605",152.23,152.68,147.87,Sell
04/26/2023,NUE,Industrials,144.5,"2,033,656",148.17,148.5,143.67,Sell
04/27/2023,NUE,Industrials,148.29,"1,442,352",145.36,148.5,144.19,Sell
04/28/2023,NUE,Industrials,148.18,"1,646,405",147.01,148.5,145.69,Sell
05/01/2023,NUE,Industrials,148.01,"915,301",148.95,149.94,147.68,Sell
05/02/2023,NUE,Industrials,146.56,"1,782,292",147.61,148.25,143.19,Sell
05/03/2023,NUE,Industrials,146.19,"1,490,799",147.31,150.33,146.14,Sell
05/04/2023,NUE,Industrials,139.88,"2,831,631",144.96,146.56,138.88,Sell
05/05/2023,NUE,Industrials,142.32,"2,149,428",142.38,144.41,141.49,Sell
05/08/2023,NUE,Industrials,141.62,"1,124,280",144.84,145.3,141,Sell
05/09/2023,NUE,Industrials,140.17,"1,622,270",140.33,141.92,139.75,Sell
05/10/2023,NUE,Industrials,137.62,"1,812,206",142.38,143,134.72,Sell
05/11/2023,NUE,Industrials,137.51,"2,507,790",133.97,138.19,133.41,Sell
05/12/2023,NUE,Industrials,139.08,"1,432,026",138.62,140.46,137.83,Sell
05/15/2023,NUE,Industrials,140.48,"1,165,005",140.16,140.88,138.7,Sell
05/16/2023,NUE,Industrials,136.78,"974,440",139.79,139.95,136.42,Sell
05/17/2023,NUE,Industrials,139.64,"1,074,230",139.01,140.34,137.86,Sell
05/18/2023,NUE,Industrials,140.28,"1,140,773",138.46,140.53,137.39,Sell
05/19/2023,NUE,Industrials,138.67,"1,329,158",141.46,141.88,137.87,Sell
05/22/2023,NUE,Industrials,139.96,"1,260,821",139.15,140.69,138.28,Sell
05/23/2023,NUE,Industrials,136.92,"1,930,750",137.31,137.75,133.6,Sell
05/24/2023,NUE,Industrials,133.37,"1,539,622",136.2,136.2,132.64,Sell
05/25/2023,NUE,Industrials,134.69,"1,276,881",133.56,135.43,132.79,Sell
05/26/2023,NUE,Industrials,136.14,"992,686",135.05,137.39,134.68,Sell
05/30/2023,NUE,Industrials,133.01,"1,074,795",135.19,135.92,132.03,Sell
05/31/2023,NUE,Industrials,132.06,"2,394,315",131.47,132.65,129.79,Sell
04/20/2023,IBM,Technology,126.36,"9,749,618",130.15,130.98,125.84,Sell
04/21/2023,IBM,Technology,125.73,"6,725,426",126,126.7,125.27,Sell
04/24/2023,IBM,Technology,125.4,"4,043,892",125.55,126.05,124.56,Sell
04/25/2023,IBM,Technology,125.89,"4,275,396",124.9,126.19,124.76,Sell
04/26/2023,IBM,Technology,125.85,"4,070,168",125.81,126.55,125.12,Sell
04/27/2023,IBM,Technology,126.97,"3,204,889",126.37,127.02,125.46,Sell
04/28/2023,IBM,Technology,126.41,"5,061,247",126.58,127.25,125.64,Sell
05/01/2023,IBM,Technology,126.09,"2,724,992",126.35,126.75,126.06,Sell
05/02/2023,IBM,Technology,125.16,"4,445,283",126.3,126.45,123.27,Sell
05/03/2023,IBM,Technology,123.45,"4,554,212",125.46,125.57,123.26,Sell
05/04/2023,IBM,Technology,122.57,"4,468,237",123.03,123.52,121.76,Sell
05/05/2023,IBM,Technology,123.65,"4,971,936",123.11,124.1,122.81,Sell
05/08/2023,IBM,Technology,123.4,"3,663,818",123.76,123.92,122.55,Sell
05/09/2023,IBM,Technology,121.17,"4,540,047",121.9,121.97,120.66,Sell
05/10/2023,IBM,Technology,122.02,"4,189,222",121.99,122.49,121.1,Sell
05/11/2023,IBM,Technology,120.9,"3,446,452",122.02,122.24,120.55,Sell
05/12/2023,IBM,Technology,122.84,"4,564,825",121.41,122.86,121.11,Sell
05/15/2023,IBM,Technology,123.36,"2,915,725",123,123.69,122.34,Sell
05/16/2023,IBM,Technology,123.46,"2,749,125",123.35,123.86,122.45,Sell
05/17/2023,IBM,Technology,125.71,"4,515,134",123.94,125.85,123.47,Sell
05/18/2023,IBM,Technology,126.15,"3,797,883",125.3,126.51,125.19,Sell
05/19/2023,IBM,Technology,127.26,"4,306,657",126.79,128.29,126.55,Sell
05/22/2023,IBM,Technology,127.5,"2,806,770",127.5,128.19,127.15,Sell
05/23/2023,IBM,Technology,128.18,"4,592,280",127.24,129.09,127.13,Sell
05/24/2023,IBM,Technology,125.68,"3,915,505",127.82,127.9,125.47,Sell
05/25/2023,IBM,Technology,126.76,"4,102,854",125.61,127.23,125.01,Sell
05/26/2023,IBM,Technology,128.89,"5,612,570",127.06,129.66,126.81,Sell
05/30/2023,IBM,Technology,129.48,"3,741,050",129.56,130.07,128.26,Sell
05/31/2023,IBM,Technology,128.59,"11,590,210",128.51,129.44,127.46,Sell
04/21/2023,CSX,Industrials,31.82,"25,062,030",31.9,32.27,31.41,Sell
04/24/2023,CSX,Industrials,31.38,"14,661,190",31.8,31.84,31.18,Sell
04/25/2023,CSX,Industrials,30.9,"13,623,890",31.06,31.15,30.67,Sell
04/26/2023,CSX,Industrials,30.14,"13,958,140",30.59,30.8,30.02,Sell
04/27/2023,CSX,Industrials,30.39,"14,161,090",30.2,30.53,29.93,Sell
04/28/2023,CSX,Industrials,30.64,"12,036,920",30.37,30.96,30.33,Sell
05/01/2023,CSX,Industrials,31.3,"11,293,130",30.65,31.55,30.64,Sell
05/02/2023,CSX,Industrials,31.07,"9,846,478",31.3,31.34,30.69,Sell
05/03/2023,CSX,Industrials,30.93,"8,549,601",31.15,31.5,30.9,Sell
05/04/2023,CSX,Industrials,31.31,"12,353,090",30.84,31.37,30.8,Sell
05/05/2023,CSX,Industrials,31.86,"8,863,260",31.57,32.03,31.42,Sell
05/08/2023,CSX,Industrials,31.88,"8,938,076",32,32.25,31.69,Sell
05/09/2023,CSX,Industrials,32.02,"9,081,044",31.69,32.14,31.44,Sell
05/10/2023,CSX,Industrials,31.81,"9,976,355",32.25,32.33,31.4,Sell
05/11/2023,CSX,Industrials,31.79,"6,927,529",31.75,31.91,31.48,Sell
05/12/2023,CSX,Industrials,31.82,"6,915,294",31.8,32.05,31.63,Sell
05/15/2023,CSX,Industrials,32.01,"6,837,503",31.86,32.22,31.8,Sell
05/16/2023,CSX,Industrials,31.68,"7,801,564",31.9,31.97,31.65,Sell
05/17/2023,CSX,Industrials,31.95,"16,734,930",31.77,32.15,31.71,Sell
05/18/2023,CSX,Industrials,32.39,"10,551,480",31.85,32.42,31.56,Sell
05/19/2023,CSX,Industrials,32.31,"9,766,078",32.56,32.68,32,Sell
05/22/2023,CSX,Industrials,31.9,"14,019,780",32.99,33.07,31.53,Sell
05/23/2023,CSX,Industrials,31.61,"11,195,570",31.69,31.98,31.48,Sell
05/24/2023,CSX,Industrials,30.89,"15,527,440",31.48,31.5,30.64,Sell
05/25/2023,CSX,Industrials,30.92,"11,791,080",30.7,31.07,30.55,Sell
05/26/2023,CSX,Industrials,30.81,"12,295,640",30.92,31,30.63,Sell
05/30/2023,CSX,Industrials,30.97,"9,079,422",30.72,31.12,30.4,Sell
05/31/2023,CSX,Industrials,30.67,"14,024,720",30.96,30.96,30.42,Sell
04/24/2023,BBBY,Consumer Cyclical,0.19,"539,798,200",0.2,0.24,0.18,Sell
04/25/2023,BBBY,Consumer Cyclical,0.2,"343,886,400",0.19,0.22,0.19,Sell
04/26/2023,BBBY,Consumer Cyclical,0.11,"321,240,800",0.16,0.16,0.11,Sell
04/27/2023,BBBY,Consumer Cyclical,0.12,"182,650,200",0.12,0.13,0.11,Sell
04/28/2023,BBBY,Consumer Cyclical,0.11,"235,802,900",0.12,0.14,0.1,Sell
05/01/2023,BBBY,Consumer Cyclical,0.1,"123,932,400",0.11,0.12,0.1,Sell
05/02/2023,BBBY,Consumer Cyclical,0.08,"192,179,900",0.1,0.1,0.07,Sell
05/03/2023,BBBY,Consumer Cyclical,0.1,"82,081,260",0.05,0.1,0.05,Sell
05/04/2023,BBBY,Consumer Cyclical,0.11,"92,562,270",0.1,0.16,0.1,Sell
05/05/2023,BBBY,Consumer Cyclical,0.14,"41,870,220",0.12,0.14,0.11,Sell
05/08/2023,BBBY,Consumer Cyclical,0.22,"82,191,900",0.16,0.23,0.16,Sell
05/09/2023,BBBY,Consumer Cyclical,0.19,"59,097,610",0.23,0.24,0.18,Sell
05/10/2023,BBBY,Consumer Cyclical,0.19,"24,534,790",0.2,0.21,0.18,Sell
05/11/2023,BBBY,Consumer Cyclical,0.19,"15,899,550",0.19,0.2,0.18,Sell
05/12/2023,BBBY,Consumer Cyclical,0.16,"35,722,280",0.19,0.2,0.14,Sell
05/15/2023,BBBY,Consumer Cyclical,0.18,"12,963,280",0.18,0.19,0.16,Sell
05/16/2023,BBBY,Consumer Cyclical,0.17,"7,218,791",0.18,0.18,0.16,Sell
05/17/2023,BBBY,Consumer Cyclical,0.18,"14,949,470",0.17,0.19,0.17,Sell
05/18/2023,BBBY,Consumer Cyclical,0.18,"12,542,110",0.18,0.2,0.17,Sell
05/19/2023,BBBY,Consumer Cyclical,0.18,"8,763,760",0.17,0.19,0.17,Sell
05/22/2023,BBBY,Consumer Cyclical,0.21,"23,990,100",0.18,0.22,0.18,Sell
05/23/2023,BBBY,Consumer Cyclical,0.24,"34,862,880",0.21,0.26,0.2,Sell
05/24/2023,BBBY,Consumer Cyclical,0.26,"26,639,510",0.25,0.27,0.22,Sell
05/25/2023,BBBY,Consumer Cyclical,0.3,"34,556,190",0.26,0.31,0.25,Sell
05/26/2023,BBBY,Consumer Cyclical,0.28,"44,384,320",0.32,0.36,0.25,Sell
05/30/2023,BBBY,Consumer Cyclical,0.26,"35,502,720",0.29,0.32,0.22,Sell
05/31/2023,BBBY,Consumer Cyclical,0.25,"13,506,220",0.26,0.27,0.23,Sell
04/26/2023,CMG,Consumer Cyclical,2009.85,"1,630,141",1918.02,2047.31,1918.02,Sell
04/27/2023,CMG,Consumer Cyclical,2036.26,"482,760",2025.9,2038,1996.12,Sell
04/28/2023,CMG,Consumer Cyclical,2067.62,"411,018",2031.13,2071,2026.09,Sell
05/01/2023,CMG,Consumer Cyclical,2039.28,"503,145",2055,2077.29,2037.11,Sell
05/02/2023,CMG,Consumer Cyclical,2053.96,"294,736",2042.84,2058.88,2025.79,Sell
05/03/2023,CMG,Consumer Cyclical,2058.12,"279,839",2054.08,2066.71,2047.12,Sell
05/04/2023,CMG,Consumer Cyclical,2033.51,"228,827",2058.47,2062.33,2028.64,Sell
05/05/2023,CMG,Consumer Cyclical,2028.21,"321,246",2032.65,2034.95,2020.28,Sell
05/08/2023,CMG,Consumer Cyclical,2032.84,"342,852",2032.11,2036.82,2016.39,Sell
05/09/2023,CMG,Consumer Cyclical,2032.66,"137,342",2040.08,2046.96,2030.91,Sell
05/10/2023,CMG,Consumer Cyclical,2054.84,"199,835",2038.99,2057.93,2036.64,Sell
05/11/2023,CMG,Consumer Cyclical,2058.5,"216,287",2055.32,2066.11,2051.78,Sell
05/12/2023,CMG,Consumer Cyclical,2045.63,"218,589",2054.28,2067.06,2040.38,Sell
05/15/2023,CMG,Consumer Cyclical,2047.12,"181,838",2048,2049.99,2035.59,Sell
05/16/2023,CMG,Consumer Cyclical,2050.22,"228,499",2046.73,2060.79,2040.57,Sell
05/17/2023,CMG,Consumer Cyclical,2062.01,"263,978",2052.64,2070.04,2026.72,Sell
05/18/2023,CMG,Consumer Cyclical,2095.87,"305,692",2060.8,2096.3,2057,Sell
05/19/2023,CMG,Consumer Cyclical,2106.22,"285,975",2093.4,2110,2093.4,Sell
05/22/2023,CMG,Consumer Cyclical,2101.94,"312,172",2111,2139.88,2098,Sell
05/23/2023,CMG,Consumer Cyclical,2047.01,"352,208",2093,2107.04,2040.94,Sell
05/24/2023,CMG,Consumer Cyclical,2053.07,"216,120",2044.81,2064,2041,Sell
05/25/2023,CMG,Consumer Cyclical,2057.9,"248,346",2069.72,2087.21,2055.37,Sell
05/26/2023,CMG,Consumer Cyclical,2071.02,"269,380",2057,2079.31,2057,Sell
05/30/2023,CMG,Consumer Cyclical,2071.28,"334,985",2072.32,2097.64,2064.66,Sell
05/31/2023,CMG,Consumer Cyclical,2076.49,"580,345",2070,2077.78,2059.19,Sell
04/28/2023,AMZN,Consumer Cyclical,105.45,"130,715,900",107.73,109.48,104.33,Buy
05/01/2023,AMZN,Consumer Cyclical,102.05,"74,728,100",104.95,105.23,101.82,Buy
05/02/2023,AMZN,Consumer Cyclical,103.63,"73,469,350",101.47,103.9,101.15,Buy
05/03/2023,AMZN,Consumer Cyclical,103.65,"65,051,930",103.74,105.96,103.28,Buy
05/04/2023,AMZN,Consumer Cyclical,104,"45,345,520",104.04,105.39,103.31,Buy
05/05/2023,AMZN,Consumer Cyclical,105.66,"56,951,740",104.27,105.76,103.55,Buy
05/08/2023,AMZN,Consumer Cyclical,105.83,"49,430,910",105.04,106.1,104.7,Buy
05/09/2023,AMZN,Consumer Cyclical,106.62,"44,089,360",105.48,106.79,105.16,Buy
05/10/2023,AMZN,Consumer Cyclical,110.19,"78,627,620",108.1,110.67,108.05,Buy
05/11/2023,AMZN,Consumer Cyclical,112.18,"74,924,840",111.03,113.28,110.49,Buy
05/12/2023,AMZN,Consumer Cyclical,110.26,"49,852,670",112.16,112.64,109.32,Buy
05/15/2023,AMZN,Consumer Cyclical,111.2,"53,011,150",111.15,112.29,109.25,Buy
05/16/2023,AMZN,Consumer Cyclical,113.4,"71,472,910",111.05,114.79,111.05,Buy
05/17/2023,AMZN,Consumer Cyclical,115.5,"65,655,180",114.89,115.83,114.22,Buy
05/18/2023,AMZN,Consumer Cyclical,118.15,"73,174,090",116.69,118.6,116.34,Buy
05/19/2023,AMZN,Consumer Cyclical,116.25,"55,056,310",118.16,118.31,115.7,Buy
05/22/2023,AMZN,Consumer Cyclical,115.01,"70,741,120",116.77,116.77,114.25,Buy
05/23/2023,AMZN,Consumer Cyclical,114.99,"67,576,260",114.27,117.14,113.78,Buy
05/24/2023,AMZN,Consumer Cyclical,116.75,"63,487,940",115.35,117.34,115.02,Buy
05/25/2023,AMZN,Consumer Cyclical,115,"66,496,680",116.63,116.87,114.31,Buy
05/26/2023,AMZN,Consumer Cyclical,120.11,"96,779,890",116.04,121.5,116.02,Buy
05/30/2023,AMZN,Consumer Cyclical,121.66,"64,314,810",122.37,122.92,119.86,Buy
05/31/2023,AMZN,Consumer Cyclical,120.58,"72,800,790",121.45,122.04,119.17,Buy
05/01/2023,BIRD,Consumer Cyclical,1.25,"929,115",1.3,1.31,1.23,Buy
05/02/2023,BIRD,Consumer Cyclical,1.19,"885,524",1.22,1.25,1.16,Buy
05/03/2023,BIRD,Consumer Cyclical,1.24,"711,341",1.2,1.25,1.18,Buy
05/04/2023,BIRD,Consumer Cyclical,1.2,"549,268",1.21,1.24,1.18,Buy
05/05/2023,BIRD,Consumer Cyclical,1.31,"2,239,853",1.21,1.38,1.21,Buy
05/08/2023,BIRD,Consumer Cyclical,1.34,"1,196,443",1.3,1.35,1.24,Buy
05/09/2023,BIRD,Consumer Cyclical,1.36,"2,014,396",1.3,1.37,1.28,Buy
05/10/2023,BIRD,Consumer Cyclical,1.25,"1,672,064",1.35,1.37,1.23,Buy
05/11/2023,BIRD,Consumer Cyclical,1.31,"813,466",1.28,1.31,1.24,Buy
05/12/2023,BIRD,Consumer Cyclical,1.27,"1,319,470",1.34,1.35,1.26,Buy
05/15/2023,BIRD,Consumer Cyclical,1.29,"724,290",1.3,1.3,1.26,Buy
05/16/2023,BIRD,Consumer Cyclical,1.23,"805,803",1.29,1.29,1.22,Buy
05/17/2023,BIRD,Consumer Cyclical,1.25,"467,270",1.23,1.25,1.2,Buy
05/18/2023,BIRD,Consumer Cyclical,1.21,"1,582,548",1.25,1.28,1.18,Buy
05/19/2023,BIRD,Consumer Cyclical,1.17,"839,663",1.21,1.22,1.15,Buy
05/22/2023,BIRD,Consumer Cyclical,1.17,"846,556",1.17,1.18,1.15,Buy
05/23/2023,BIRD,Consumer Cyclical,1.18,"976,251",1.18,1.23,1.17,Buy
05/24/2023,BIRD,Consumer Cyclical,1.22,"640,963",1.18,1.24,1.17,Buy
05/25/2023,BIRD,Consumer Cyclical,1.16,"762,511",1.21,1.23,1.15,Buy
05/26/2023,BIRD,Consumer Cyclical,1.19,"857,622",1.17,1.23,1.15,Buy
05/30/2023,BIRD,Consumer Cyclical,1.26,"1,338,620",1.19,1.27,1.17,Buy
05/31/2023,BIRD,Consumer Cyclical,1.18,"4,244,504",1.23,1.27,1.18,Buy
04/28/2023,WRBY,Healthcare,10.53,"856,343",10.5,10.75,10.44,Buy
05/01/2023,WRBY,Healthcare,11.13,"1,323,437",10.64,11.21,10.64,Buy
05/02/2023,WRBY,Healthcare,11.37,"917,689",11.15,11.45,10.97,Buy
05/03/2023,WRBY,Healthcare,11.42,"1,073,906",11.29,11.71,11.21,Buy
05/04/2023,WRBY,Healthcare,11.26,"668,031",11.27,11.5,11.19,Buy
05/05/2023,WRBY,Healthcare,11.61,"782,427",11.5,11.69,11.31,Buy
05/08/2023,WRBY,Healthcare,12.09,"2,430,049",11.75,12.23,11.61,Buy
05/09/2023,WRBY,Healthcare,12.13,"1,150,963",12.25,12.77,11.6,Buy
05/10/2023,WRBY,Healthcare,11.57,"899,907",12.38,12.4,11.44,Buy
05/11/2023,WRBY,Healthcare,11.47,"637,846",11.54,11.57,11.29,Buy
05/12/2023,WRBY,Healthcare,11.31,"566,943",11.5,11.55,11.12,Buy
05/15/2023,WRBY,Healthcare,12.12,"1,448,099",11.31,12.21,11.31,Buy
05/16/2023,WRBY,Healthcare,11.54,"585,203",11.92,11.97,11.42,Buy
05/17/2023,WRBY,Healthcare,11.74,"775,038",11.47,11.79,11.17,Buy
05/18/2023,WRBY,Healthcare,11.84,"575,984",11.69,12.04,11.62,Buy
05/19/2023,WRBY,Healthcare,11.28,"760,436",11.81,11.93,11.24,Buy
05/22/2023,WRBY,Healthcare,11.9,"871,035",11.3,12.01,11.17,Buy
05/23/2023,WRBY,Healthcare,11.61,"691,713",11.77,12.16,11.55,Buy
05/24/2023,WRBY,Healthcare,11.28,"775,195",11.76,11.89,11.27,Buy
05/25/2023,WRBY,Healthcare,11.2,"900,730",11.3,11.44,11.04,Buy
05/26/2023,WRBY,Healthcare,12.04,"901,826",11.2,12.06,11.13,Buy
05/30/2023,WRBY,Healthcare,11.54,"842,211",11.96,12.1,11.36,Buy
05/31/2023,WRBY,Healthcare,11.01,"1,062,165",11.48,11.71,10.67,Buy
04/28/2023,SBUX,Consumer Cyclical,114.29,"5,979,301",112.42,114.31,112.29,Buy
05/01/2023,SBUX,Consumer Cyclical,114.56,"6,495,924",114.25,115.48,114.25,Buy
05/02/2023,SBUX,Consumer Cyclical,114.46,"9,626,359",114.49,114.56,112.85,Buy
05/03/2023,SBUX,Consumer Cyclical,103.96,"24,388,560",109.08,109.72,103.8,Buy
05/04/2023,SBUX,Consumer Cyclical,104.72,"8,858,136",104.27,105.67,103.8,Buy
05/05/2023,SBUX,Consumer Cyclical,107.21,"7,813,754",105.55,107.48,105.38,Buy
05/08/2023,SBUX,Consumer Cyclical,107.17,"6,090,713",107.47,108.12,106.93,Buy
05/09/2023,SBUX,Consumer Cyclical,106.71,"3,682,380",106.99,107.18,106.4,Buy
05/10/2023,SBUX,Consumer Cyclical,106.97,"4,565,013",107.16,108.11,105.68,Buy
05/11/2023,SBUX,Consumer Cyclical,105.63,"4,791,653",106.44,106.76,105.12,Buy
05/12/2023,SBUX,Consumer Cyclical,106.12,"5,175,562",105.76,106.22,104.83,Buy
05/15/2023,SBUX,Consumer Cyclical,106.64,"4,217,126",106.11,106.76,105.61,Buy
05/16/2023,SBUX,Consumer Cyclical,105.28,"3,677,256",106.41,106.56,105.2,Buy
05/17/2023,SBUX,Consumer Cyclical,105.69,"4,757,275",105.96,106.54,104.95,Buy
05/18/2023,SBUX,Consumer Cyclical,107.09,"5,377,477",105.42,107.14,105.2,Buy
05/19/2023,SBUX,Consumer Cyclical,105.51,"4,985,231",107,107.15,105.32,Buy
05/22/2023,SBUX,Consumer Cyclical,102.9,"7,504,276",105.52,105.7,102.77,Buy
05/23/2023,SBUX,Consumer Cyclical,100.34,"6,766,298",102.12,102.14,100.08,Buy
05/24/2023,SBUX,Consumer Cyclical,99.61,"6,134,820",100.8,100.81,99.11,Buy
05/25/2023,SBUX,Consumer Cyclical,98.44,"8,177,029",98.7,98.9,97.73,Buy
05/26/2023,SBUX,Consumer Cyclical,98.53,"7,276,461",98.63,99.61,98.33,Buy
05/30/2023,SBUX,Consumer Cyclical,97.75,"6,505,373",98.89,98.96,97.31,Buy
05/31/2023,SBUX,Consumer Cyclical,97.64,"10,377,090",98.03,98.08,96.98,Buy
